Zone code,Zone ID,Flow,Annual Total(GWh),M01H00,M01H01,M01H02,M01H03,M01H04,M01H05,M01H06,M01H07,M01H08,M01H09,M01H10,M01H11,M01H12,M01H13,M01H14,M01H15,M01H16,M01H17,M01H18,M01H19,M01H20,M01H21,M01H22,M01H23,M02H00,M02H01,M02H02,M02H03,M02H04,M02H05,M02H06,M02H07,M02H08,M02H09,M02H10,M02H11,M02H12,M02H13,M02H14,M02H15,M02H16,M02H17,M02H18,M02H19,M02H20,M02H21,M02H22,M02H23,M03H00,M03H01,M03H02,M03H03,M03H04,M03H05,M03H06,M03H07,M03H08,M03H09,M03H10,M03H11,M03H12,M03H13,M03H14,M03H15,M03H16,M03H17,M03H18,M03H19,M03H20,M03H21,M03H22,M03H23,M04H00,M04H01,M04H02,M04H03,M04H04,M04H05,M04H06,M04H07,M04H08,M04H09,M04H10,M04H11,M04H12,M04H13,M04H14,M04H15,M04H16,M04H17,M04H18,M04H19,M04H20,M04H21,M04H22,M04H23,M05H00,M05H01,M05H02,M05H03,M05H04,M05H05,M05H06,M05H07,M05H08,M05H09,M05H10,M05H11,M05H12,M05H13,M05H14,M05H15,M05H16,M05H17,M05H18,M05H19,M05H20,M05H21,M05H22,M05H23,M06H00,M06H01,M06H02,M06H03,M06H04,M06H05,M06H06,M06H07,M06H08,M06H09,M06H10,M06H11,M06H12,M06H13,M06H14,M06H15,M06H16,M06H17,M06H18,M06H19,M06H20,M06H21,M06H22,M06H23,M07H00,M07H01,M07H02,M07H03,M07H04,M07H05,M07H06,M07H07,M07H08,M07H09,M07H10,M07H11,M07H12,M07H13,M07H14,M07H15,M07H16,M07H17,M07H18,M07H19,M07H20,M07H21,M07H22,M07H23,M08H00,M08H01,M08H02,M08H03,M08H04,M08H05,M08H06,M08H07,M08H08,M08H09,M08H10,M08H11,M08H12,M08H13,M08H14,M08H15,M08H16,M08H17,M08H18,M08H19,M08H20,M08H21,M08H22,M08H23,M09H00,M09H01,M09H02,M09H03,M09H04,M09H05,M09H06,M09H07,M09H08,M09H09,M09H10,M09H11,M09H12,M09H13,M09H14,M09H15,M09H16,M09H17,M09H18,M09H19,M09H20,M09H21,M09H22,M09H23,M10H00,M10H01,M10H02,M10H03,M10H04,M10H05,M10H06,M10H07,M10H08,M10H09,M10H10,M10H11,M10H12,M10H13,M10H14,M10H15,M10H16,M10H17,M10H18,M10H19,M10H20,M10H21,M10H22,M10H23,M11H00,M11H01,M11H02,M11H03,M11H04,M11H05,M11H06,M11H07,M11H08,M11H09,M11H10,M11H11,M11H12,M11H13,M11H14,M11H15,M11H16,M11H17,M11H18,M11H19,M11H20,M11H21,M11H22,M11H23,M12H00,M12H01,M12H02,M12H03,M12H04,M12H05,M12H06,M12H07,M12H08,M12H09,M12H10,M12H11,M12H12,M12H13,M12H14,M12H15,M12H16,M12H17,M12H18,M12H19,M12H20,M12H21,M12H22,M12H23
TWN.Central,TWNZ0,Demand(GWh),52691.08564625406,169.886,175.808,179.778,181.694,181.949,181.257,180.415,180.046,180.404,181.295,185.611,188.405,188.376,184.765,177.590,167.712,156.686,149.552,144.882,143.040,144.268,148.615,155.132,162.642,154.783,160.140,163.727,165.454,165.675,165.039,164.266,163.921,164.234,165.029,168.918,171.429,171.387,168.162,161.655,152.701,142.710,136.477,132.146,130.432,131.659,135.589,141.485,148.281,176.096,182.345,186.705,189.018,189.620,189.180,188.463,188.075,188.276,188.895,190.281,193.387,193.859,190.987,183.990,174.046,162.574,155.672,150.785,148.849,150.226,154.653,161.294,168.951,175.023,181.742,187.205,191.016,193.191,194.067,194.125,193.802,193.329,192.663,191.517,193.094,192.463,189.451,182.721,173.787,162.675,156.283,151.681,149.857,151.259,155.334,161.447,168.491,188.866,197.022,204.225,209.828,213.603,215.672,216.372,216.067,215.006,213.239,210.637,210.726,208.641,204.557,196.972,187.682,175.533,168.142,163.382,161.511,162.779,167.229,173.894,181.574,187.352,195.586,203.104,209.180,213.471,215.980,216.936,216.640,215.326,213.093,209.905,209.291,206.665,202.362,194.885,186.051,174.193,167.504,162.801,160.937,162.263,166.523,172.916,180.285,194.567,203.124,211.148,217.823,222.698,225.674,226.894,226.613,225.063,222.383,218.618,217.520,214.460,209.911,202.298,193.538,181.485,174.768,170.083,168.227,169.547,173.789,180.152,187.486,194.944,203.660,211.713,218.306,223.032,225.849,226.956,226.645,225.160,222.620,219.027,218.072,215.067,210.422,202.581,193.460,181.093,174.296,169.410,167.473,168.851,173.276,179.916,187.571,183.619,191.711,199.129,205.148,209.417,211.924,212.881,212.575,211.237,208.968,207.647,206.495,203.234,198.442,190.770,182.046,170.475,164.300,159.586,157.711,159.131,163.288,169.529,176.724,183.461,191.194,197.876,202.937,206.222,207.923,208.420,208.102,207.214,205.777,207.082,206.702,203.885,199.114,191.212,181.926,170.289,163.353,158.675,156.824,158.044,162.383,168.891,176.393,171.848,178.155,182.798,185.545,186.626,186.596,186.120,185.743,185.713,185.900,189.208,190.984,190.114,186.466,179.202,169.673,158.687,152.386,147.669,145.790,147.102,151.347,157.724,165.077,171.417,177.179,181.028,182.867,183.080,182.368,181.512,181.121,181.444,182.292,186.568,189.339,189.323,185.789,178.710,168.959,158.070,151.760,146.961,145.050,146.490,150.718,157.068,164.388
TWN.Central,TWNZ0,Zone Supply(GWh),55629.900912353376,169.886,175.808,179.778,181.694,181.949,181.257,180.415,184.235,184.592,185.483,189.799,192.593,192.565,188.953,181.778,171.900,165.842,167.948,165.728,165.886,166.109,166.384,166.524,167.710,154.783,160.140,163.727,165.454,165.675,165.039,166.198,167.704,168.016,168.812,172.701,175.211,175.170,171.945,165.437,156.484,149.883,149.848,149.918,150.047,150.223,150.387,150.429,150.626,180.284,186.533,190.893,193.206,193.808,193.368,192.651,192.263,192.464,193.083,194.469,197.575,198.047,195.175,188.178,178.234,163.674,163.623,163.712,163.832,163.936,164.025,164.216,171.601,179.076,185.795,191.258,195.069,197.244,198.120,198.178,197.855,197.382,196.716,195.570,197.147,196.516,193.504,186.774,177.840,166.698,158.018,158.041,158.108,158.170,158.215,162.276,172.544,193.054,201.210,208.413,219.817,232.887,237.188,228.825,228.670,231.813,230.710,229.176,242.144,231.671,230.270,201.161,191.870,179.721,170.128,163.382,162.836,162.857,167.727,178.082,185.762,191.405,207.159,219.041,234.179,244.237,249.852,252.187,252.345,251.021,248.068,242.678,244.440,238.768,226.660,203.362,190.104,178.246,171.557,162.801,160.937,162.263,170.576,176.969,184.338,198.755,218.684,231.841,250.235,259.896,262.871,263.707,263.810,261.094,259.581,251.234,254.717,248.947,235.734,221.842,197.726,185.673,178.956,171.045,168.227,169.742,177.977,184.340,191.675,199.132,222.056,235.878,262.104,266.229,266.537,266.577,266.158,265.402,264.392,260.194,259.947,258.875,239.343,223.543,197.648,185.281,178.484,170.026,167.473,168.851,177.464,184.104,191.759,187.672,195.764,206.630,229.763,230.519,243.836,237.697,244.915,234.585,239.936,232.352,232.469,225.531,212.477,196.676,186.099,174.528,166.586,159.586,158.283,159.131,164.232,173.582,180.777,187.650,195.382,202.064,207.125,210.410,212.111,212.608,212.290,211.402,209.965,211.270,210.890,208.073,203.302,195.400,186.115,173.546,167.763,167.634,167.616,167.688,167.816,169.312,180.581,175.901,182.208,186.851,189.598,190.679,190.649,190.173,189.796,189.766,189.953,193.261,195.037,194.167,190.519,183.255,173.726,161.635,161.435,161.409,161.474,161.606,161.772,161.884,166.701,171.417,177.179,181.028,182.867,183.080,182.368,181.512,185.310,185.632,186.481,190.756,193.528,193.511,189.977,182.898,173.147,166.808,166.671,166.729,166.931,167.195,167.911,169.838,170.062
TWN.Central,TWNZ0,Spilled Energy(GWh),0.0,0.000,0.000,0.000,0.000,0.000,0.000,0.000,0.000,0.000,0.000,0.000,0.000,0.000,0.000,0.000,0.000,0.000,0.000,0.000,0.000,0.000,0.000,0.000,0.000,0.000,0.000,0.000,0.000,0.000,0.000,0.000,0.000,0.000,0.000,0.000,0.000,0.000,0.000,0.000,0.000,0.000,0.000,0.000,0.000,0.000,0.000,0.000,0.000,0.000,0.000,0.000,0.000,0.000,0.000,0.000,0.000,0.000,0.000,0.000,0.000,0.000,0.000,0.000,0.000,0.000,0.000,0.000,0.000,0.000,0.000,0.000,0.000,0.000,0.000,0.000,0.000,0.000,0.000,0.000,0.000,0.000,0.000,0.000,0.000,0.000,0.000,0.000,0.000,0.000,0.000,0.000,0.000,0.000,0.000,0.000,0.000,0.000,0.000,0.000,0.000,0.000,0.000,0.000,0.000,0.000,0.000,0.000,0.000,0.000,0.000,0.000,0.000,0.000,0.000,0.000,0.000,0.000,0.000,0.000,0.000,0.000,0.000,0.000,0.000,0.000,0.000,0.000,0.000,0.000,0.000,0.000,0.000,0.000,0.000,0.000,0.000,0.000,0.000,0.000,0.000,0.000,0.000,0.000,0.000,0.000,0.000,0.000,0.000,0.000,0.000,0.000,0.000,0.000,0.000,0.000,0.000,0.000,0.000,0.000,0.000,0.000,0.000,0.000,0.000,0.000,0.000,0.000,0.000,0.000,0.000,0.000,0.000,0.000,0.000,0.000,0.000,0.000,0.000,0.000,0.000,0.000,0.000,0.000,0.000,0.000,0.000,0.000,0.000,0.000,0.000,0.000,0.000,0.000,0.000,0.000,0.000,0.000,0.000,0.000,0.000,0.000,0.000,0.000,0.000,0.000,0.000,0.000,0.000,0.000,0.000,0.000,0.000,0.000,0.000,0.000,0.000,0.000,0.000,0.000,0.000,0.000,0.000,0.000,0.000,0.000,0.000,0.000,0.000,0.000,0.000,0.000,0.000,0.000,0.000,0.000,0.000,0.000,0.000,0.000,0.000,0.000,0.000,0.000,0.000,0.000,0.000,0.000,0.000,0.000,0.000,0.000,0.000,0.000,0.000,0.000,0.000,0.000,0.000,0.000,0.000,0.000,0.000,0.000,0.000,0.000,0.000,0.000,0.000,0.000,0.000,0.000,0.000,0.000,0.000,0.000,0.000,0.000,0.000,0.000,0.000,0.000,0.000,0.000,0.000,0.000,0.000,0.000,0.000
TWN.Central,TWNZ0,Import from: TWNZ1,19.35935088635352,0.000,0.000,0.000,0.000,0.000,0.000,0.000,0.000,0.000,0.000,0.000,0.000,0.000,0.000,0.000,0.000,0.000,1.492,0.000,0.000,0.000,2.125,0.000,0.000,0.000,0.000,0.000,0.000,0.000,0.000,0.000,0.000,0.000,0.000,0.000,0.000,0.000,0.000,0.000,0.000,0.000,0.000,2.405,0.000,1.654,0.472,0.000,0.000,0.000,0.000,0.000,0.000,0.000,0.000,0.000,0.000,0.000,0.000,0.000,0.000,0.000,0.000,0.000,0.000,0.000,0.000,0.000,1.755,0.448,0.000,0.000,0.000,0.000,0.000,0.000,0.000,0.000,0.000,0.000,0.000,0.000,0.000,0.000,0.000,0.000,0.000,0.000,0.000,0.000,0.000,0.000,0.000,0.000,0.000,0.000,0.000,0.000,0.000,0.000,0.000,0.000,0.000,0.000,0.000,0.000,0.000,0.000,0.000,0.000,0.000,0.000,0.000,0.000,0.000,0.000,0.000,0.000,0.000,0.000,0.000,0.000,0.000,0.000,0.000,0.000,0.000,0.000,0.000,0.000,0.000,0.000,0.000,0.000,0.000,0.000,0.000,0.000,0.000,0.000,0.000,0.000,0.000,0.000,0.000,0.000,0.000,0.000,0.000,0.000,0.000,0.000,0.000,0.000,0.000,0.000,0.000,0.000,0.000,0.000,0.000,0.000,0.000,0.000,0.000,0.000,0.000,0.000,0.000,0.000,0.000,0.000,0.000,0.000,0.000,0.000,0.000,0.000,0.000,0.000,0.000,0.000,0.000,0.000,0.000,0.000,0.000,0.000,0.000,0.000,0.000,0.000,0.000,0.000,0.000,0.000,0.000,0.000,0.000,0.000,0.000,0.000,0.000,0.000,0.000,0.000,0.000,0.000,0.000,0.000,0.000,0.000,0.000,0.000,0.000,0.000,0.000,0.000,0.000,0.000,0.000,0.000,0.000,0.000,0.000,0.000,0.000,0.000,0.000,0.000,0.000,0.000,0.000,0.000,0.000,0.000,0.000,0.000,0.000,0.000,0.000,0.000,0.000,0.000,0.000,0.000,0.000,0.000,0.000,0.000,0.000,0.000,0.000,0.000,0.000,0.000,0.000,0.000,0.000,2.227,2.523,2.257,0.000,0.000,0.000,0.000,0.000,0.000,0.000,0.000,0.000,0.000,0.000,0.000,0.000,0.000,0.000,0.000,0.000,0.000,0.000,0.000,0.063,0.653,0.000,0.000,1.285,0.000,0.000
TWN.Central,TWNZ0,Import from: TWNZ2,0.0,0.000,0.000,0.000,0.000,0.000,0.000,0.000,0.000,0.000,0.000,0.000,0.000,0.000,0.000,0.000,0.000,0.000,0.000,0.000,0.000,0.000,0.000,0.000,0.000,0.000,0.000,0.000,0.000,0.000,0.000,0.000,0.000,0.000,0.000,0.000,0.000,0.000,0.000,0.000,0.000,0.000,0.000,0.000,0.000,0.000,0.000,0.000,0.000,0.000,0.000,0.000,0.000,0.000,0.000,0.000,0.000,0.000,0.000,0.000,0.000,0.000,0.000,0.000,0.000,0.000,0.000,0.000,0.000,0.000,0.000,0.000,0.000,0.000,0.000,0.000,0.000,0.000,0.000,0.000,0.000,0.000,0.000,0.000,0.000,0.000,0.000,0.000,0.000,0.000,0.000,0.000,0.000,0.000,0.000,0.000,0.000,0.000,0.000,0.000,0.000,0.000,0.000,0.000,0.000,0.000,0.000,0.000,0.000,0.000,0.000,0.000,0.000,0.000,0.000,0.000,0.000,0.000,0.000,0.000,0.000,0.000,0.000,0.000,0.000,0.000,0.000,0.000,0.000,0.000,0.000,0.000,0.000,0.000,0.000,0.000,0.000,0.000,0.000,0.000,0.000,0.000,0.000,0.000,0.000,0.000,0.000,0.000,0.000,0.000,0.000,0.000,0.000,0.000,0.000,0.000,0.000,0.000,0.000,0.000,0.000,0.000,0.000,0.000,0.000,0.000,0.000,0.000,0.000,0.000,0.000,0.000,0.000,0.000,0.000,0.000,0.000,0.000,0.000,0.000,0.000,0.000,0.000,0.000,0.000,0.000,0.000,0.000,0.000,0.000,0.000,0.000,0.000,0.000,0.000,0.000,0.000,0.000,0.000,0.000,0.000,0.000,0.000,0.000,0.000,0.000,0.000,0.000,0.000,0.000,0.000,0.000,0.000,0.000,0.000,0.000,0.000,0.000,0.000,0.000,0.000,0.000,0.000,0.000,0.000,0.000,0.000,0.000,0.000,0.000,0.000,0.000,0.000,0.000,0.000,0.000,0.000,0.000,0.000,0.000,0.000,0.000,0.000,0.000,0.000,0.000,0.000,0.000,0.000,0.000,0.000,0.000,0.000,0.000,0.000,0.000,0.000,0.000,0.000,0.000,0.000,0.000,0.000,0.000,0.000,0.000,0.000,0.000,0.000,0.000,0.000,0.000,0.000,0.000,0.000,0.000,0.000,0.000,0.000,0.000,0.000,0.000,0.000,0.000,0.000,0.000,0.000,0.000,0.000
TWN.Central,TWNZ0,Import from: TWNZ3,117.5113727114634,0.000,0.000,0.000,0.000,0.000,0.000,0.000,0.000,0.000,0.000,0.000,0.000,0.000,0.000,0.000,0.000,0.000,3.062,3.062,1.699,3.062,3.062,0.000,0.000,0.000,0.000,0.000,0.000,0.000,0.000,0.000,0.000,0.000,0.000,0.000,0.000,0.000,0.000,0.000,0.000,0.000,2.766,2.766,2.766,2.766,2.766,0.000,0.000,0.000,0.000,0.000,0.000,0.000,0.000,0.000,0.000,0.000,0.000,0.000,0.000,0.000,0.000,0.000,0.000,0.000,0.000,3.062,3.062,3.062,0.139,0.000,0.000,0.000,0.000,0.000,0.000,0.000,0.000,0.000,0.000,0.000,0.000,0.000,0.000,0.000,0.000,0.000,0.000,0.000,0.000,0.619,2.964,1.047,0.000,0.000,0.000,0.000,0.000,0.000,0.000,0.000,0.000,0.000,0.000,0.000,0.000,0.000,0.000,0.000,0.000,0.000,0.000,0.000,0.000,0.000,0.000,0.000,0.000,0.000,0.000,0.000,0.000,0.000,0.000,0.000,0.000,0.000,0.000,0.000,0.000,0.000,0.000,0.000,0.000,0.000,0.000,0.000,0.000,0.000,0.000,0.000,0.000,0.000,0.000,0.000,0.000,3.062,3.062,3.062,3.062,3.062,3.062,3.062,3.062,3.062,3.062,3.062,3.062,0.000,0.000,0.000,0.000,0.000,0.000,0.000,0.000,0.000,0.000,0.000,0.000,0.000,0.000,0.000,0.000,0.639,0.746,0.017,0.000,0.000,0.000,0.000,0.000,0.000,0.000,0.000,0.000,0.000,0.000,0.000,0.000,0.000,0.000,0.000,0.000,0.000,0.000,0.000,0.000,0.000,0.000,0.000,0.000,0.000,0.000,0.000,0.000,0.000,0.000,0.000,0.000,0.000,0.000,0.000,0.000,0.000,0.000,0.000,0.000,0.000,0.000,0.000,0.000,0.000,0.000,0.000,0.000,0.000,0.000,0.000,0.000,0.000,0.000,0.000,0.000,2.255,3.062,3.062,0.000,0.000,0.000,0.000,0.000,0.000,0.000,0.000,0.000,0.000,0.000,0.000,0.000,0.000,0.000,0.000,0.000,0.000,0.000,0.000,2.079,2.964,2.964,2.964,2.964,0.000,0.000,0.000,0.000,0.000,0.000,0.000,0.000,0.000,0.000,0.000,0.000,0.000,0.000,0.000,0.000,0.000,0.000,0.000,3.062,3.062,3.062,3.062,3.062,0.000,0.000
TWN.Central,TWNZ0,Import from: TWNZF1,0.0,0.000,0.000,0.000,0.000,0.000,0.000,0.000,0.000,0.000,0.000,0.000,0.000,0.000,0.000,0.000,0.000,0.000,0.000,0.000,0.000,0.000,0.000,0.000,0.000,0.000,0.000,0.000,0.000,0.000,0.000,0.000,0.000,0.000,0.000,0.000,0.000,0.000,0.000,0.000,0.000,0.000,0.000,0.000,0.000,0.000,0.000,0.000,0.000,0.000,0.000,0.000,0.000,0.000,0.000,0.000,0.000,0.000,0.000,0.000,0.000,0.000,0.000,0.000,0.000,0.000,0.000,0.000,0.000,0.000,0.000,0.000,0.000,0.000,0.000,0.000,0.000,0.000,0.000,0.000,0.000,0.000,0.000,0.000,0.000,0.000,0.000,0.000,0.000,0.000,0.000,0.000,0.000,0.000,0.000,0.000,0.000,0.000,0.000,0.000,0.000,0.000,0.000,0.000,0.000,0.000,0.000,0.000,0.000,0.000,0.000,0.000,0.000,0.000,0.000,0.000,0.000,0.000,0.000,0.000,0.000,0.000,0.000,0.000,0.000,0.000,0.000,0.000,0.000,0.000,0.000,0.000,0.000,0.000,0.000,0.000,0.000,0.000,0.000,0.000,0.000,0.000,0.000,0.000,0.000,0.000,0.000,0.000,0.000,0.000,0.000,0.000,0.000,0.000,0.000,0.000,0.000,0.000,0.000,0.000,0.000,0.000,0.000,0.000,0.000,0.000,0.000,0.000,0.000,0.000,0.000,0.000,0.000,0.000,0.000,0.000,0.000,0.000,0.000,0.000,0.000,0.000,0.000,0.000,0.000,0.000,0.000,0.000,0.000,0.000,0.000,0.000,0.000,0.000,0.000,0.000,0.000,0.000,0.000,0.000,0.000,0.000,0.000,0.000,0.000,0.000,0.000,0.000,0.000,0.000,0.000,0.000,0.000,0.000,0.000,0.000,0.000,0.000,0.000,0.000,0.000,0.000,0.000,0.000,0.000,0.000,0.000,0.000,0.000,0.000,0.000,0.000,0.000,0.000,0.000,0.000,0.000,0.000,0.000,0.000,0.000,0.000,0.000,0.000,0.000,0.000,0.000,0.000,0.000,0.000,0.000,0.000,0.000,0.000,0.000,0.000,0.000,0.000,0.000,0.000,0.000,0.000,0.000,0.000,0.000,0.000,0.000,0.000,0.000,0.000,0.000,0.000,0.000,0.000,0.000,0.000,0.000,0.000,0.000,0.000,0.000,0.000,0.000,0.000,0.000,0.000,0.000,0.000,0.000
TWN.Central,TWNZ0,Export to: TWNZ3,0.0,0.000,0.000,0.000,0.000,0.000,0.000,0.000,0.000,0.000,0.000,0.000,0.000,0.000,0.000,0.000,0.000,0.000,0.000,0.000,0.000,0.000,0.000,0.000,0.000,0.000,0.000,0.000,0.000,0.000,0.000,0.000,0.000,0.000,0.000,0.000,0.000,0.000,0.000,0.000,0.000,0.000,0.000,0.000,0.000,0.000,0.000,0.000,0.000,0.000,0.000,0.000,0.000,0.000,0.000,0.000,0.000,0.000,0.000,0.000,0.000,0.000,0.000,0.000,0.000,0.000,0.000,0.000,0.000,0.000,0.000,0.000,0.000,0.000,0.000,0.000,0.000,0.000,0.000,0.000,0.000,0.000,0.000,0.000,0.000,0.000,0.000,0.000,0.000,0.000,0.000,0.000,0.000,0.000,0.000,0.000,0.000,0.000,0.000,0.000,0.000,0.000,0.000,0.000,0.000,0.000,0.000,0.000,0.000,0.000,0.000,0.000,0.000,0.000,0.000,0.000,0.000,0.000,0.000,0.000,0.000,0.000,0.000,0.000,0.000,0.000,0.000,0.000,0.000,0.000,0.000,0.000,0.000,0.000,0.000,0.000,0.000,0.000,0.000,0.000,0.000,0.000,0.000,0.000,0.000,0.000,0.000,0.000,0.000,0.000,0.000,0.000,0.000,0.000,0.000,0.000,0.000,0.000,0.000,0.000,0.000,0.000,0.000,0.000,0.000,0.000,0.000,0.000,0.000,0.000,0.000,0.000,0.000,0.000,0.000,0.000,0.000,0.000,0.000,0.000,0.000,0.000,0.000,0.000,0.000,0.000,0.000,0.000,0.000,0.000,0.000,0.000,0.000,0.000,0.000,0.000,0.000,0.000,0.000,0.000,0.000,0.000,0.000,0.000,0.000,0.000,0.000,0.000,0.000,0.000,0.000,0.000,0.000,0.000,0.000,0.000,0.000,0.000,0.000,0.000,0.000,0.000,0.000,0.000,0.000,0.000,0.000,0.000,0.000,0.000,0.000,0.000,0.000,0.000,0.000,0.000,0.000,0.000,0.000,0.000,0.000,0.000,0.000,0.000,0.000,0.000,0.000,0.000,0.000,0.000,0.000,0.000,0.000,0.000,0.000,0.000,0.000,0.000,0.000,0.000,0.000,0.000,0.000,0.000,0.000,0.000,0.000,0.000,0.000,0.000,0.000,0.000,0.000,0.000,0.000,0.000,0.000,0.000,0.000,0.000,0.000,0.000,0.000,0.000,0.000,0.000,0.000,0.000,0.000
TWN.Central,TWNZ0,Export to: TWNZ2,2274.203648738283,0.000,0.000,0.000,0.000,0.000,0.000,0.000,0.000,0.000,0.000,0.000,0.000,0.000,0.000,0.000,0.000,6.798,22.950,23.908,24.545,24.903,22.957,11.086,0.880,0.000,0.000,0.000,0.000,0.000,0.000,0.000,0.000,0.000,0.000,0.000,0.000,0.000,0.000,0.000,0.000,3.391,16.137,22.943,22.381,22.984,18.036,6.710,0.000,0.000,0.000,0.000,0.000,0.000,0.000,0.000,0.000,0.000,0.000,0.000,0.000,0.000,0.000,0.000,0.000,0.000,6.879,15.989,19.800,17.220,9.511,0.000,0.000,0.000,0.000,0.000,0.000,0.000,0.000,0.000,0.000,0.000,0.000,0.000,0.000,0.000,0.000,0.000,0.000,0.000,0.000,6.978,11.215,7.958,0.000,0.000,0.000,0.000,0.000,0.000,5.801,15.097,17.328,8.265,8.415,12.619,13.283,14.352,27.230,18.842,21.525,0.000,0.000,0.000,0.000,0.000,0.000,0.000,0.000,0.000,0.000,0.000,7.520,11.884,20.946,26.713,29.819,31.198,31.653,31.641,30.922,28.720,31.096,28.050,20.245,4.425,0.000,0.000,0.000,0.000,0.000,0.000,0.000,0.000,0.000,0.000,11.372,23.756,35.475,40.260,40.260,39.875,40.260,39.093,40.260,35.679,40.260,37.549,28.886,15.355,0.000,0.000,0.000,0.000,0.000,0.000,0.000,0.000,0.000,0.000,14.208,19.977,39.610,39.009,40.260,40.260,40.260,40.260,40.260,36.979,37.688,39.620,24.734,16.774,0.000,0.000,0.000,0.000,0.000,0.000,0.000,0.000,0.000,0.000,0.000,3.448,20.562,17.049,27.859,20.763,28.287,19.295,26.915,20.652,21.921,18.245,9.983,1.853,0.000,0.000,0.000,0.000,0.000,0.000,0.000,0.000,0.000,0.000,0.000,0.000,0.000,0.000,0.000,0.000,0.000,0.000,0.000,0.000,0.000,0.000,0.000,0.000,0.000,0.000,0.221,11.214,13.854,12.707,2.119,0.000,0.000,0.000,0.000,0.000,0.000,0.000,0.000,0.000,0.000,0.000,0.000,0.000,0.000,0.000,0.000,0.000,0.000,0.000,11.129,18.931,21.170,19.724,13.389,0.107,0.000,0.000,0.000,0.000,0.000,0.000,0.000,0.000,0.000,0.000,0.000,0.000,0.000,0.000,0.000,0.000,0.000,6.106,18.037,23.484,24.943,23.767,21.540,11.461,1.486
TWN.Central,TWNZ0,Export to: TWNZ1,801.4823409588699,0.000,0.000,0.000,0.000,0.000,0.000,0.000,4.188,4.188,4.188,4.188,4.188,4.188,4.188,4.188,4.188,2.358,0.000,0.000,0.000,0.000,0.000,0.307,4.188,0.000,0.000,0.000,0.000,0.000,0.000,1.932,3.783,3.783,3.783,3.783,3.783,3.783,3.783,3.783,3.783,3.783,0.000,0.000,0.000,0.000,0.000,2.235,2.345,4.188,4.188,4.188,4.188,4.188,4.188,4.188,4.188,4.188,4.188,4.188,4.188,4.188,4.188,4.188,4.188,1.100,1.073,0.000,0.000,0.000,0.000,2.921,2.650,4.053,4.053,4.053,4.053,4.053,4.053,4.053,4.053,4.053,4.053,4.053,4.053,4.053,4.053,4.053,4.053,4.023,1.735,0.000,0.000,0.000,2.881,0.830,4.053,4.188,4.188,4.188,4.188,4.188,4.188,4.188,4.188,4.188,4.188,4.188,4.188,4.188,4.188,4.188,4.188,4.188,1.986,0.000,1.326,0.078,0.498,4.188,4.188,4.053,4.053,4.053,4.053,4.053,4.053,4.053,4.053,4.053,4.053,4.053,4.053,4.053,4.053,4.053,4.053,4.053,4.053,0.000,0.000,0.000,4.053,4.053,4.053,4.188,4.188,0.000,0.000,0.000,0.000,0.000,0.000,0.000,0.000,0.000,0.000,0.000,0.000,4.188,4.188,4.188,4.188,0.961,0.000,0.195,4.188,4.188,4.188,4.188,4.188,4.188,4.188,4.188,0.428,0.000,0.000,0.000,1.512,4.188,4.188,4.188,4.188,4.188,4.188,4.188,4.188,0.616,0.000,0.000,4.188,4.188,4.188,4.053,4.053,4.053,4.053,4.053,4.053,4.053,4.053,4.053,4.053,4.053,4.053,4.053,4.053,4.053,4.053,4.053,2.286,0.000,0.572,0.000,0.945,4.053,4.053,4.188,4.188,4.188,4.188,4.188,4.188,4.188,4.188,4.188,4.188,4.188,4.188,4.188,4.188,4.188,4.188,3.257,4.188,0.000,0.000,0.000,3.314,0.421,4.188,4.053,4.053,4.053,4.053,4.053,4.053,4.053,4.053,4.053,4.053,4.053,4.053,4.053,4.053,4.053,4.053,2.948,0.000,0.000,0.000,0.000,0.000,4.053,1.624,0.000,0.000,0.000,0.000,0.000,0.000,0.000,4.188,4.188,4.188,4.188,4.188,4.188,4.188,4.188,4.188,2.632,0.000,0.000,0.000,0.000,0.000,1.309,4.188
TWN.East,TWNZ1,Demand(GWh),9490.275550348022,29.960,31.020,31.731,32.075,32.120,31.996,31.846,31.779,31.843,32.003,32.776,33.276,33.271,32.631,31.346,29.577,27.602,26.324,25.488,25.158,25.378,26.156,27.323,28.668,27.348,28.325,28.994,29.334,29.403,29.312,29.187,29.126,29.170,29.290,29.958,30.377,30.343,29.772,28.600,27.002,25.207,24.086,23.310,23.004,23.224,23.928,24.984,26.201,31.307,32.529,33.463,34.054,34.333,34.389,34.336,34.271,34.237,34.218,34.419,34.765,34.652,34.038,32.726,30.977,28.898,27.656,26.781,26.434,26.681,27.474,28.664,30.036,31.365,32.729,33.948,34.909,35.567,35.936,36.066,36.013,35.820,35.496,35.026,35.030,34.672,33.989,32.720,31.174,29.131,27.979,27.155,26.828,27.080,27.810,28.905,30.167,34.069,35.651,37.123,38.337,39.216,39.747,39.962,39.912,39.640,39.169,38.503,38.309,37.750,36.909,35.503,33.879,31.663,30.333,29.481,29.146,29.373,30.171,31.365,32.741,33.964,35.540,37.039,38.303,39.241,39.824,40.071,40.021,39.717,39.188,38.450,38.164,37.539,36.676,35.296,33.748,31.591,30.389,29.547,29.213,29.450,30.214,31.359,32.679,35.339,36.941,38.482,39.798,40.787,41.412,41.682,41.634,41.309,40.741,39.952,39.634,38.980,38.101,36.710,35.164,32.982,31.779,30.940,30.607,30.844,31.604,32.743,34.057,35.359,36.989,38.534,39.834,40.796,41.391,41.640,41.586,41.273,40.730,39.973,39.682,39.039,38.144,36.712,35.101,32.863,31.649,30.774,30.427,30.673,31.466,32.655,34.026,33.158,34.663,36.075,37.249,38.106,38.629,38.841,38.788,38.510,38.032,37.764,37.444,36.753,35.827,34.421,32.875,30.789,29.689,28.844,28.508,28.762,29.507,30.624,31.913,32.908,34.351,35.635,36.643,37.329,37.710,37.842,37.787,37.588,37.255,37.392,37.222,36.628,35.720,34.282,32.638,30.533,29.299,28.461,28.129,28.347,29.124,30.289,31.632,30.591,31.762,32.656,33.221,33.484,33.534,33.480,33.413,33.379,33.359,33.882,34.126,33.906,33.220,31.902,30.209,28.227,27.105,26.260,25.923,26.158,26.918,28.059,29.376,30.311,31.343,32.032,32.361,32.399,32.272,32.118,32.048,32.105,32.257,33.023,33.519,33.516,32.888,31.620,29.873,27.923,26.798,25.938,25.595,25.853,26.610,27.748,29.058
TWN.East,TWNZ1,Zone Supply(GWh),6324.614391148233,20.739,20.749,19.207,17.304,16.459,17.658,21.446,21.266,21.104,20.978,21.008,21.183,21.363,21.519,21.628,21.698,10.381,9.917,9.849,9.794,9.746,9.725,10.204,15.262,19.129,19.435,18.510,17.186,16.633,17.867,19.648,19.506,19.365,19.234,19.168,19.223,19.329,19.448,19.559,19.630,9.301,9.011,8.958,8.908,8.862,8.845,8.893,15.329,21.842,21.965,22.008,22.011,21.948,21.850,21.702,21.520,21.331,21.151,21.041,21.077,21.219,21.373,21.497,21.576,19.768,9.773,9.692,9.630,9.611,9.651,15.337,21.625,21.262,22.379,21.592,21.682,21.713,21.694,21.589,21.417,21.219,21.008,20.820,20.754,20.804,20.879,20.926,20.951,20.933,13.902,9.510,9.459,9.430,11.483,20.822,20.957,21.559,21.744,21.917,34.178,22.193,22.245,22.224,22.131,35.396,34.715,34.344,34.149,33.591,32.750,21.186,21.230,21.231,21.225,16.184,12.122,15.249,21.167,21.208,21.354,21.568,21.778,33.014,34.278,35.216,35.466,35.414,35.300,35.111,34.848,34.425,21.097,33.514,32.651,26.812,28.221,21.107,21.131,20.135,17.385,19.358,21.167,21.173,21.315,22.051,22.223,36.086,36.123,36.240,22.603,35.168,36.088,30.191,35.752,21.852,21.727,21.703,35.422,32.551,30.117,21.731,21.739,21.745,19.970,21.734,21.731,21.739,21.864,21.928,24.969,30.617,34.784,34.828,34.834,34.793,34.759,34.628,34.467,34.228,35.289,34.879,33.985,32.553,30.542,21.674,21.674,21.669,19.454,21.502,21.644,21.650,21.699,29.133,21.429,32.050,21.608,28.524,22.572,34.609,34.461,34.311,34.007,33.739,20.738,32.728,31.802,30.396,21.032,21.039,21.025,16.368,13.067,15.761,20.952,20.971,21.037,22.715,22.922,22.971,22.934,33.170,33.551,22.452,22.259,22.063,21.868,21.788,21.869,22.008,29.973,29.753,22.653,22.396,11.151,10.670,10.649,10.632,10.619,22.390,22.492,22.119,22.336,22.405,22.373,22.220,28.786,21.856,21.669,21.491,21.316,21.312,21.593,29.881,29.195,21.877,21.948,14.909,10.580,10.531,10.492,10.459,10.437,12.248,21.937,22.153,22.340,22.404,20.849,19.919,20.895,21.788,21.623,21.487,21.377,21.438,21.615,21.792,21.943,22.058,22.125,10.817,10.361,10.302,10.255,10.220,10.204,10.677,16.179
TWN.East,TWNZ1,Spilled Energy(GWh),0.0,0.000,0.000,0.000,0.000,0.000,0.000,0.000,0.000,0.000,0.000,0.000,0.000,0.000,0.000,0.000,0.000,0.000,0.000,0.000,0.000,0.000,0.000,0.000,0.000,0.000,0.000,0.000,0.000,0.000,0.000,0.000,0.000,0.000,0.000,0.000,0.000,0.000,0.000,0.000,0.000,0.000,0.000,0.000,0.000,0.000,0.000,0.000,0.000,0.000,0.000,0.000,0.000,0.000,0.000,0.000,0.000,0.000,0.000,0.000,0.000,0.000,0.000,0.000,0.000,0.000,0.000,0.000,0.000,0.000,0.000,0.000,0.000,0.000,0.000,0.000,0.000,0.000,0.000,0.000,0.000,0.000,0.000,0.000,0.000,0.000,0.000,0.000,0.000,0.000,0.000,0.000,0.000,0.000,0.000,0.000,0.000,0.000,0.000,0.000,0.000,0.000,0.000,0.000,0.000,0.000,0.000,0.000,0.000,0.000,0.000,0.000,0.000,0.000,0.000,0.000,0.000,0.000,0.000,0.000,0.000,0.000,0.000,0.000,0.000,0.000,0.000,0.000,0.000,0.000,0.000,0.000,0.000,0.000,0.000,0.000,0.000,0.000,0.000,0.000,0.000,0.000,0.000,0.000,0.000,0.000,0.000,0.000,0.000,0.000,0.000,0.000,0.000,0.000,0.000,0.000,0.000,0.000,0.000,0.000,0.000,0.000,0.000,0.000,0.000,0.000,0.000,0.000,0.000,0.000,0.000,0.000,0.000,0.000,0.000,0.000,0.000,0.000,0.000,0.000,0.000,0.000,0.000,0.000,0.000,0.000,0.000,0.000,0.000,0.000,0.000,0.000,0.000,0.000,0.000,0.000,0.000,0.000,0.000,0.000,0.000,0.000,0.000,0.000,0.000,0.000,0.000,0.000,0.000,0.000,0.000,0.000,0.000,0.000,0.000,0.000,0.000,0.000,0.000,0.000,0.000,0.000,0.000,0.000,0.000,0.000,0.000,0.000,0.000,0.000,0.000,0.000,0.000,0.000,0.000,0.000,0.000,0.000,0.000,0.000,0.000,0.000,0.000,0.000,0.000,0.000,0.000,0.000,0.000,0.000,0.000,0.000,0.000,0.000,0.000,0.000,0.000,0.000,0.000,0.000,0.000,0.000,0.000,0.000,0.000,0.000,0.000,0.000,0.000,0.000,0.000,0.000,0.000,0.000,0.000,0.000,0.000,0.000,0.000,0.000,0.000,0.000,0.000,0.000,0.000,0.000,0.000,0.000,0.000
TWN.East,TWNZ1,Import from: TWNZ0,795.9373655311838,0.000,0.000,0.000,0.000,0.000,0.000,0.000,4.159,4.159,4.159,4.159,4.159,4.159,4.159,4.159,4.159,2.342,0.000,0.000,0.000,0.000,0.000,0.304,4.159,0.000,0.000,0.000,0.000,0.000,0.000,1.918,3.757,3.757,3.757,3.757,3.757,3.757,3.757,3.757,3.757,3.757,0.000,0.000,0.000,0.000,0.000,2.219,2.329,4.159,4.159,4.159,4.159,4.159,4.159,4.159,4.159,4.159,4.159,4.159,4.159,4.159,4.159,4.159,4.159,1.092,1.066,0.000,0.000,0.000,0.000,2.901,2.631,4.025,4.025,4.025,4.025,4.025,4.025,4.025,4.025,4.025,4.025,4.025,4.025,4.025,4.025,4.025,4.025,3.995,1.723,0.000,0.000,0.000,2.861,0.824,4.025,4.159,4.159,4.159,4.159,4.159,4.159,4.159,4.159,4.159,4.159,4.159,4.159,4.159,4.159,4.159,4.159,4.159,1.972,0.000,1.317,0.078,0.495,4.159,4.159,4.025,4.025,4.025,4.025,4.025,4.025,4.025,4.025,4.025,4.025,4.025,4.025,4.025,4.025,4.025,4.025,4.025,4.025,0.000,0.000,0.000,4.025,4.025,4.025,4.159,4.159,0.000,0.000,0.000,0.000,0.000,0.000,0.000,0.000,0.000,0.000,0.000,0.000,4.159,4.159,4.159,4.159,0.955,0.000,0.194,4.159,4.159,4.159,4.159,4.159,4.159,4.159,4.159,0.425,0.000,0.000,0.000,1.502,4.159,4.159,4.159,4.159,4.159,4.159,4.159,4.159,0.612,0.000,0.000,4.159,4.159,4.159,4.025,4.025,4.025,4.025,4.025,4.025,4.025,4.025,4.025,4.025,4.025,4.025,4.025,4.025,4.025,4.025,4.025,2.270,0.000,0.568,0.000,0.938,4.025,4.025,4.159,4.159,4.159,4.159,4.159,4.159,4.159,4.159,4.159,4.159,4.159,4.159,4.159,4.159,4.159,4.159,3.235,4.159,0.000,0.000,0.000,3.291,0.418,4.159,4.025,4.025,4.025,4.025,4.025,4.025,4.025,4.025,4.025,4.025,4.025,4.025,4.025,4.025,4.025,4.025,2.928,0.000,0.000,0.000,0.000,0.000,4.025,1.613,0.000,0.000,0.000,0.000,0.000,0.000,0.000,4.159,4.159,4.159,4.159,4.159,4.159,4.159,4.159,4.159,2.614,0.000,0.000,0.000,0.000,0.000,1.300,4.159
TWN.East,TWNZ1,Import from: TWNZ2,0.0,0.000,0.000,0.000,0.000,0.000,0.000,0.000,0.000,0.000,0.000,0.000,0.000,0.000,0.000,0.000,0.000,0.000,0.000,0.000,0.000,0.000,0.000,0.000,0.000,0.000,0.000,0.000,0.000,0.000,0.000,0.000,0.000,0.000,0.000,0.000,0.000,0.000,0.000,0.000,0.000,0.000,0.000,0.000,0.000,0.000,0.000,0.000,0.000,0.000,0.000,0.000,0.000,0.000,0.000,0.000,0.000,0.000,0.000,0.000,0.000,0.000,0.000,0.000,0.000,0.000,0.000,0.000,0.000,0.000,0.000,0.000,0.000,0.000,0.000,0.000,0.000,0.000,0.000,0.000,0.000,0.000,0.000,0.000,0.000,0.000,0.000,0.000,0.000,0.000,0.000,0.000,0.000,0.000,0.000,0.000,0.000,0.000,0.000,0.000,0.000,0.000,0.000,0.000,0.000,0.000,0.000,0.000,0.000,0.000,0.000,0.000,0.000,0.000,0.000,0.000,0.000,0.000,0.000,0.000,0.000,0.000,0.000,0.000,0.000,0.000,0.000,0.000,0.000,0.000,0.000,0.000,0.000,0.000,0.000,0.000,0.000,0.000,0.000,0.000,0.000,0.000,0.000,0.000,0.000,0.000,0.000,0.000,0.000,0.000,0.000,0.000,0.000,0.000,0.000,0.000,0.000,0.000,0.000,0.000,0.000,0.000,0.000,0.000,0.000,0.000,0.000,0.000,0.000,0.000,0.000,0.000,0.000,0.000,0.000,0.000,0.000,0.000,0.000,0.000,0.000,0.000,0.000,0.000,0.000,0.000,0.000,0.000,0.000,0.000,0.000,0.000,0.000,0.000,0.000,0.000,0.000,0.000,0.000,0.000,0.000,0.000,0.000,0.000,0.000,0.000,0.000,0.000,0.000,0.000,0.000,0.000,0.000,0.000,0.000,0.000,0.000,0.000,0.000,0.000,0.000,0.000,0.000,0.000,0.000,0.000,0.000,0.000,0.000,0.000,0.000,0.000,0.000,0.000,0.000,0.000,0.000,0.000,0.000,0.000,0.000,0.000,0.000,0.000,0.000,0.000,0.000,0.000,0.000,0.000,0.000,0.000,0.000,0.000,0.000,0.000,0.000,0.000,0.000,0.000,0.000,0.000,0.000,0.000,0.000,0.000,0.000,0.000,0.000,0.000,0.000,0.000,0.000,0.000,0.000,0.000,0.000,0.000,0.000,0.000,0.000,0.000,0.000,0.000,0.000,0.000,0.000,0.000,0.000
TWN.East,TWNZ1,Import from: TWNZ3,2489.1384107251765,9.221,10.271,12.525,14.771,15.661,14.338,10.399,6.354,6.580,6.866,7.609,7.935,7.749,6.953,5.559,3.720,14.879,21.009,18.739,15.363,18.033,21.671,16.815,9.247,8.219,8.890,10.485,12.148,12.770,11.445,7.621,5.863,6.048,6.300,7.033,7.397,7.257,6.567,5.284,3.615,12.149,17.406,19.574,16.896,18.827,18.359,13.871,8.544,5.307,6.405,7.296,7.884,8.225,8.380,8.475,8.591,8.748,8.908,9.218,9.529,9.274,8.506,7.070,5.241,8.037,16.817,20.006,21.671,20.622,17.824,10.426,5.780,6.078,6.325,8.331,9.202,9.829,10.217,10.452,10.571,10.576,10.463,10.181,10.251,9.842,9.085,7.770,6.198,4.203,12.354,17.645,17.598,17.649,13.466,7.259,5.185,8.352,9.749,11.047,0.000,12.864,13.343,13.579,13.621,0.085,0.295,0.000,0.000,0.000,0.000,10.158,8.490,6.273,7.136,13.297,15.707,14.046,8.509,5.997,7.227,8.371,9.737,0.000,0.000,0.000,0.333,0.632,0.696,0.582,0.315,0.000,13.042,0.000,0.000,4.459,1.502,6.458,5.232,9.412,11.827,10.092,5.021,6.161,7.339,9.129,10.559,4.636,5.294,7.647,21.211,9.614,8.618,14.219,4.988,18.100,21.007,20.377,5.779,0.000,0.888,7.093,5.881,8.241,10.638,8.916,5.714,6.845,8.034,9.273,7.861,3.758,0.891,1.808,8.246,9.947,9.926,9.707,5.590,1.586,0.234,0.000,0.000,0.000,0.400,7.030,5.816,8.493,10.973,9.171,5.662,6.845,8.167,0.000,9.208,0.000,11.616,5.558,12.032,0.207,0.303,0.174,0.000,0.000,12.681,0.000,0.000,0.000,7.819,5.725,6.394,12.477,14.873,13.002,7.616,5.628,6.851,6.034,7.270,8.505,9.549,0.000,0.000,11.231,11.369,11.365,11.228,11.445,11.194,10.461,1.588,0.370,5.825,4.903,13.989,17.791,19.369,17.780,15.213,7.481,4.981,4.447,5.402,6.227,6.823,7.239,0.723,7.599,7.720,7.863,8.018,8.545,8.508,0.000,0.000,6.001,4.236,10.391,16.525,20.972,20.972,20.972,16.840,11.787,5.827,8.158,9.003,9.628,11.513,12.480,11.377,10.330,6.266,6.459,6.721,7.425,7.745,7.564,6.786,5.403,3.590,14.493,19.600,19.393,16.833,18.733,20.799,15.770,8.720
TWN.East,TWNZ1,Import from: TWNZF2,0.0,0.000,0.000,0.000,0.000,0.000,0.000,0.000,0.000,0.000,0.000,0.000,0.000,0.000,0.000,0.000,0.000,0.000,0.000,0.000,0.000,0.000,0.000,0.000,0.000,0.000,0.000,0.000,0.000,0.000,0.000,0.000,0.000,0.000,0.000,0.000,0.000,0.000,0.000,0.000,0.000,0.000,0.000,0.000,0.000,0.000,0.000,0.000,0.000,0.000,0.000,0.000,0.000,0.000,0.000,0.000,0.000,0.000,0.000,0.000,0.000,0.000,0.000,0.000,0.000,0.000,0.000,0.000,0.000,0.000,0.000,0.000,0.000,0.000,0.000,0.000,0.000,0.000,0.000,0.000,0.000,0.000,0.000,0.000,0.000,0.000,0.000,0.000,0.000,0.000,0.000,0.000,0.000,0.000,0.000,0.000,0.000,0.000,0.000,0.000,0.000,0.000,0.000,0.000,0.000,0.000,0.000,0.000,0.000,0.000,0.000,0.000,0.000,0.000,0.000,0.000,0.000,0.000,0.000,0.000,0.000,0.000,0.000,0.000,0.000,0.000,0.000,0.000,0.000,0.000,0.000,0.000,0.000,0.000,0.000,0.000,0.000,0.000,0.000,0.000,0.000,0.000,0.000,0.000,0.000,0.000,0.000,0.000,0.000,0.000,0.000,0.000,0.000,0.000,0.000,0.000,0.000,0.000,0.000,0.000,0.000,0.000,0.000,0.000,0.000,0.000,0.000,0.000,0.000,0.000,0.000,0.000,0.000,0.000,0.000,0.000,0.000,0.000,0.000,0.000,0.000,0.000,0.000,0.000,0.000,0.000,0.000,0.000,0.000,0.000,0.000,0.000,0.000,0.000,0.000,0.000,0.000,0.000,0.000,0.000,0.000,0.000,0.000,0.000,0.000,0.000,0.000,0.000,0.000,0.000,0.000,0.000,0.000,0.000,0.000,0.000,0.000,0.000,0.000,0.000,0.000,0.000,0.000,0.000,0.000,0.000,0.000,0.000,0.000,0.000,0.000,0.000,0.000,0.000,0.000,0.000,0.000,0.000,0.000,0.000,0.000,0.000,0.000,0.000,0.000,0.000,0.000,0.000,0.000,0.000,0.000,0.000,0.000,0.000,0.000,0.000,0.000,0.000,0.000,0.000,0.000,0.000,0.000,0.000,0.000,0.000,0.000,0.000,0.000,0.000,0.000,0.000,0.000,0.000,0.000,0.000,0.000,0.000,0.000,0.000,0.000,0.000,0.000,0.000,0.000,0.000,0.000,0.000,0.000
TWN.East,TWNZ1,Export to: TWNZ3,0.0,0.000,0.000,0.000,0.000,0.000,0.000,0.000,0.000,0.000,0.000,0.000,0.000,0.000,0.000,0.000,0.000,0.000,0.000,0.000,0.000,0.000,0.000,0.000,0.000,0.000,0.000,0.000,0.000,0.000,0.000,0.000,0.000,0.000,0.000,0.000,0.000,0.000,0.000,0.000,0.000,0.000,0.000,0.000,0.000,0.000,0.000,0.000,0.000,0.000,0.000,0.000,0.000,0.000,0.000,0.000,0.000,0.000,0.000,0.000,0.000,0.000,0.000,0.000,0.000,0.000,0.000,0.000,0.000,0.000,0.000,0.000,0.000,0.000,0.000,0.000,0.000,0.000,0.000,0.000,0.000,0.000,0.000,0.000,0.000,0.000,0.000,0.000,0.000,0.000,0.000,0.000,0.000,0.000,0.000,0.000,0.000,0.000,0.000,0.000,0.000,0.000,0.000,0.000,0.000,0.000,0.000,0.000,0.000,0.000,0.000,0.000,0.000,0.000,0.000,0.000,0.000,0.000,0.000,0.000,0.000,0.000,0.000,0.000,0.000,0.000,0.000,0.000,0.000,0.000,0.000,0.000,0.000,0.000,0.000,0.000,0.000,0.000,0.000,0.000,0.000,0.000,0.000,0.000,0.000,0.000,0.000,0.000,0.000,0.000,0.000,0.000,0.000,0.000,0.000,0.000,0.000,0.000,0.000,0.000,0.000,0.000,0.000,0.000,0.000,0.000,0.000,0.000,0.000,0.000,0.000,0.000,0.000,0.000,0.000,0.000,0.000,0.000,0.000,0.000,0.000,0.000,0.000,0.000,0.000,0.000,0.000,0.000,0.000,0.000,0.000,0.000,0.000,0.000,0.000,0.000,0.000,0.000,0.000,0.000,0.000,0.000,0.000,0.000,0.000,0.000,0.000,0.000,0.000,0.000,0.000,0.000,0.000,0.000,0.000,0.000,0.000,0.000,0.000,0.000,0.000,0.000,0.000,0.000,0.000,0.000,0.000,0.000,0.000,0.000,0.000,0.000,0.000,0.000,0.000,0.000,0.000,0.000,0.000,0.000,0.000,0.000,0.000,0.000,0.000,0.000,0.000,0.000,0.000,0.000,0.000,0.000,0.000,0.000,0.000,0.000,0.000,0.000,0.000,0.000,0.000,0.000,0.000,0.000,0.000,0.000,0.000,0.000,0.000,0.000,0.000,0.000,0.000,0.000,0.000,0.000,0.000,0.000,0.000,0.000,0.000,0.000,0.000,0.000,0.000,0.000,0.000,0.000,0.000
TWN.East,TWNZ1,Export to: TWNZ0,19.494219695897627,0.000,0.000,0.000,0.000,0.000,0.000,0.000,0.000,0.000,0.000,0.000,0.000,0.000,0.000,0.000,0.000,0.000,1.502,0.000,0.000,0.000,2.140,0.000,0.000,0.000,0.000,0.000,0.000,0.000,0.000,0.000,0.000,0.000,0.000,0.000,0.000,0.000,0.000,0.000,0.000,0.000,0.000,2.421,0.000,1.666,0.476,0.000,0.000,0.000,0.000,0.000,0.000,0.000,0.000,0.000,0.000,0.000,0.000,0.000,0.000,0.000,0.000,0.000,0.000,0.000,0.000,0.000,1.767,0.451,0.000,0.000,0.000,0.000,0.000,0.000,0.000,0.000,0.000,0.000,0.000,0.000,0.000,0.000,0.000,0.000,0.000,0.000,0.000,0.000,0.000,0.000,0.000,0.000,0.000,0.000,0.000,0.000,0.000,0.000,0.000,0.000,0.000,0.000,0.000,0.000,0.000,0.000,0.000,0.000,0.000,0.000,0.000,0.000,0.000,0.000,0.000,0.000,0.000,0.000,0.000,0.000,0.000,0.000,0.000,0.000,0.000,0.000,0.000,0.000,0.000,0.000,0.000,0.000,0.000,0.000,0.000,0.000,0.000,0.000,0.000,0.000,0.000,0.000,0.000,0.000,0.000,0.000,0.000,0.000,0.000,0.000,0.000,0.000,0.000,0.000,0.000,0.000,0.000,0.000,0.000,0.000,0.000,0.000,0.000,0.000,0.000,0.000,0.000,0.000,0.000,0.000,0.000,0.000,0.000,0.000,0.000,0.000,0.000,0.000,0.000,0.000,0.000,0.000,0.000,0.000,0.000,0.000,0.000,0.000,0.000,0.000,0.000,0.000,0.000,0.000,0.000,0.000,0.000,0.000,0.000,0.000,0.000,0.000,0.000,0.000,0.000,0.000,0.000,0.000,0.000,0.000,0.000,0.000,0.000,0.000,0.000,0.000,0.000,0.000,0.000,0.000,0.000,0.000,0.000,0.000,0.000,0.000,0.000,0.000,0.000,0.000,0.000,0.000,0.000,0.000,0.000,0.000,0.000,0.000,0.000,0.000,0.000,0.000,0.000,0.000,0.000,0.000,0.000,0.000,0.000,0.000,0.000,0.000,0.000,0.000,0.000,0.000,0.000,2.243,2.540,2.273,0.000,0.000,0.000,0.000,0.000,0.000,0.000,0.000,0.000,0.000,0.000,0.000,0.000,0.000,0.000,0.000,0.000,0.000,0.000,0.000,0.064,0.657,0.000,0.000,1.294,0.000,0.000
TWN.East,TWNZ1,Export to: TWNZ2,99.92039736067673,0.000,0.000,0.000,0.000,0.000,0.000,0.000,0.000,0.000,0.000,0.000,0.000,0.000,0.000,0.000,0.000,0.000,3.100,3.100,0.000,2.401,3.100,0.000,0.000,0.000,0.000,0.000,0.000,0.000,0.000,0.000,0.000,0.000,0.000,0.000,0.000,0.000,0.000,0.000,0.000,0.000,2.331,2.800,2.800,2.800,2.800,0.000,0.000,0.000,0.000,0.000,0.000,0.000,0.000,0.000,0.000,0.000,0.000,0.000,0.000,0.000,0.000,0.000,0.000,0.000,0.000,2.917,3.100,3.100,0.000,0.000,0.000,0.000,0.000,0.000,0.000,0.000,0.000,0.000,0.000,0.000,0.000,0.000,0.000,0.000,0.000,0.000,0.000,0.000,0.000,0.000,0.229,0.000,0.000,0.000,0.000,0.000,0.000,0.000,0.000,0.000,0.000,0.000,0.000,0.000,0.000,0.000,0.000,0.000,0.000,0.000,0.000,0.000,0.000,0.000,0.000,0.000,0.000,0.000,0.000,0.000,0.000,0.000,0.000,0.000,0.000,0.000,0.000,0.000,0.000,0.000,0.000,0.000,0.000,0.000,0.000,0.000,0.000,0.000,0.000,0.000,0.000,0.000,0.000,0.000,0.000,2.240,1.618,3.100,2.402,3.100,3.071,3.100,0.000,0.000,3.100,3.100,3.100,0.000,0.000,0.000,0.000,0.000,0.000,0.000,0.000,0.000,0.000,0.000,0.000,0.000,0.000,0.000,2.115,3.100,3.100,3.062,0.828,0.000,0.000,0.000,0.000,0.000,0.000,0.000,0.000,0.000,0.000,0.000,0.000,0.000,0.000,0.000,0.000,0.000,0.000,0.000,0.000,0.000,0.000,0.000,0.000,0.000,0.000,0.000,0.000,0.000,0.000,0.000,0.000,0.000,0.000,0.000,0.000,0.000,0.000,0.000,0.000,0.000,0.000,0.000,0.000,0.000,0.000,0.000,0.000,0.000,0.000,0.000,0.000,0.000,0.000,0.000,0.000,0.000,1.889,0.065,0.000,0.000,0.000,0.000,0.000,0.000,0.000,0.000,0.000,0.000,0.000,0.000,0.000,0.000,0.000,0.000,0.000,0.000,0.000,0.000,0.000,3.000,3.000,3.000,0.360,0.000,0.000,0.000,0.000,0.000,0.000,0.000,0.000,0.000,0.000,0.000,0.000,0.000,0.000,0.000,0.000,0.000,0.000,0.000,3.100,3.100,1.493,3.100,3.100,0.000,0.000
TWN.North,TWNZ2,Demand(GWh),115328.39831487276,380.148,393.238,402.013,406.249,406.811,405.283,403.423,402.608,403.398,405.368,414.909,421.083,421.021,413.039,397.180,375.302,350.930,335.160,324.837,320.764,323.480,333.089,347.536,364.135,345.863,357.702,365.631,369.447,369.935,368.527,366.818,366.054,366.743,368.500,377.094,382.643,382.548,375.289,360.903,341.111,319.026,305.293,295.719,291.930,294.641,303.328,316.358,331.377,391.702,405.045,413.983,418.286,418.836,417.245,415.312,414.437,415.196,417.154,422.717,429.916,431.076,424.045,408.488,386.326,361.251,346.075,335.271,330.988,334.030,343.811,358.489,375.412,386.388,398.711,407.005,411.046,411.629,410.228,408.483,407.682,408.352,410.100,411.732,419.611,422.075,417.155,403.273,382.687,358.960,344.889,334.714,330.678,333.775,342.778,356.287,371.855,414.480,429.467,440.838,447.952,451.212,451.771,451.064,450.287,450.006,449.975,449.238,454.722,454.756,448.425,432.859,411.314,385.465,369.188,358.664,354.525,357.325,367.158,381.888,398.862,409.884,426.387,440.467,450.956,457.605,460.911,461.766,461.053,459.302,456.528,452.277,453.869,450.657,442.673,426.814,406.726,381.076,366.327,355.929,351.807,354.737,364.152,378.280,394.568,425.029,442.579,458.274,470.662,479.158,483.933,485.619,484.953,482.456,478.273,472.202,472.151,467.474,458.655,442.367,422.551,396.362,381.521,371.166,367.062,369.980,379.355,393.421,409.633,426.316,444.197,459.924,472.093,480.225,484.622,486.044,485.312,482.974,479.132,473.479,473.783,469.262,460.251,443.470,422.851,395.977,380.921,370.122,365.842,368.888,378.670,393.349,410.272,402.705,418.505,431.779,441.464,447.412,450.198,450.769,450.027,448.493,446.145,447.173,448.128,443.947,435.085,418.878,398.899,374.055,360.352,349.935,345.793,348.936,358.125,371.923,387.829,404.057,417.612,427.091,432.146,433.497,432.587,431.069,430.254,430.701,432.043,440.774,446.096,445.283,437.783,421.719,400.027,375.481,360.091,349.753,345.665,348.366,357.960,372.349,388.933,381.459,394.270,402.841,406.952,407.450,405.890,404.002,403.135,403.841,405.704,414.889,420.789,420.601,412.928,397.323,375.887,351.984,337.971,327.548,323.399,326.300,335.686,349.784,366.041,382.734,395.472,403.982,408.049,408.521,406.950,405.059,404.197,404.913,406.789,416.241,422.369,422.334,414.475,398.831,377.279,353.211,339.209,328.602,324.381,327.567,336.914,350.951,367.133
TWN.North,TWNZ2,Zone Supply(GWh),112409.69615799416,377.446,390.577,399.393,403.643,404.166,402.554,400.594,399.686,400.407,402.333,411.874,418.072,418.044,410.107,394.301,372.483,341.423,306.645,295.391,293.752,293.756,304.598,333.852,360.559,343.822,355.704,363.667,367.460,367.882,366.389,364.615,363.809,364.473,366.213,374.796,380.349,380.268,373.036,358.691,338.945,313.532,284.906,268.136,264.903,267.018,280.602,307.610,329.293,389.827,403.211,412.154,416.434,416.924,415.260,413.253,412.339,413.072,415.000,420.541,427.732,428.906,421.917,406.410,384.301,359.263,337.292,314.604,306.381,311.973,332.427,356.531,373.484,384.945,397.241,405.497,409.493,410.029,408.589,406.823,406.025,406.696,408.445,410.082,417.974,420.475,415.593,401.772,381.250,357.567,343.525,326.463,318.003,324.532,341.387,354.872,370.436,413.286,428.242,439.579,440.909,434.917,433.228,441.468,440.528,436.077,435.392,433.621,426.385,434.740,425.796,431.579,410.093,384.277,368.020,357.503,353.360,356.148,365.961,380.690,397.682,408.510,417.519,427.224,428.691,429.578,429.775,429.258,428.109,426.416,424.412,422.414,421.688,421.501,421.249,421.047,405.339,379.668,364.910,354.512,350.394,353.339,362.769,376.929,393.243,423.770,430.038,431.249,432.622,434.901,440.353,441.730,440.711,439.363,437.113,435.618,427.986,426.001,425.748,425.876,421.219,394.984,380.105,369.752,365.659,368.598,378.005,392.118,408.377,425.291,429.086,439.084,431.803,440.495,441.535,441.959,441.197,438.896,437.265,435.697,435.311,428.888,434.621,425.739,421.722,394.848,379.798,368.992,364.726,367.788,377.586,392.298,409.257,401.322,417.122,426.972,419.700,429.075,421.106,428.628,420.373,427.678,417.771,424.985,424.687,424.179,423.548,415.461,397.371,372.559,358.883,348.485,344.356,347.507,356.698,370.506,386.424,401.245,414.805,424.299,429.337,430.648,429.667,428.072,427.182,427.571,428.905,437.636,442.958,442.145,434.705,418.711,397.094,372.594,357.024,335.829,327.278,332.916,353.040,369.513,386.093,378.951,391.751,400.332,404.444,404.910,403.279,401.303,400.344,400.978,402.801,411.981,417.906,417.768,410.161,394.614,373.246,349.387,324.398,303.326,296.979,301.311,319.558,347.158,363.521,379.864,392.624,401.172,405.273,405.737,404.111,402.132,401.171,401.812,403.650,413.103,419.231,419.219,411.393,395.793,374.291,344.220,315.381,299.406,295.331,298.099,309.642,336.714,362.780
TWN.North,TWNZ2,Spilled Energy(GWh),0.0,0.000,0.000,0.000,0.000,0.000,0.000,0.000,0.000,0.000,0.000,0.000,0.000,0.000,0.000,0.000,0.000,0.000,0.000,0.000,0.000,0.000,0.000,0.000,0.000,0.000,0.000,0.000,0.000,0.000,0.000,0.000,0.000,0.000,0.000,0.000,0.000,0.000,0.000,0.000,0.000,0.000,0.000,0.000,0.000,0.000,0.000,0.000,0.000,0.000,0.000,0.000,0.000,0.000,0.000,0.000,0.000,0.000,0.000,0.000,0.000,0.000,0.000,0.000,0.000,0.000,0.000,0.000,0.000,0.000,0.000,0.000,0.000,0.000,0.000,0.000,0.000,0.000,0.000,0.000,0.000,0.000,0.000,0.000,0.000,0.000,0.000,0.000,0.000,0.000,0.000,0.000,0.000,0.000,0.000,0.000,0.000,0.000,0.000,0.000,0.000,0.000,0.000,0.000,0.000,0.000,0.000,0.000,0.000,0.000,0.000,0.000,0.000,0.000,0.000,0.000,0.000,0.000,0.000,0.000,0.000,0.000,0.000,0.000,0.000,0.000,0.000,0.000,0.000,0.000,0.000,0.000,0.000,0.000,0.000,0.000,0.000,0.000,0.000,0.000,0.000,0.000,0.000,0.000,0.000,0.000,0.000,0.000,0.000,0.000,0.000,0.000,0.000,0.000,0.000,0.000,0.000,0.000,0.000,0.000,0.000,0.000,0.000,0.000,0.000,0.000,0.000,0.000,0.000,0.000,0.000,0.000,0.000,0.000,0.000,0.000,0.000,0.000,0.000,0.000,0.000,0.000,0.000,0.000,0.000,0.000,0.000,0.000,0.000,0.000,0.000,0.000,0.000,0.000,0.000,0.000,0.000,0.000,0.000,0.000,0.000,0.000,0.000,0.000,0.000,0.000,0.000,0.000,0.000,0.000,0.000,0.000,0.000,0.000,0.000,0.000,0.000,0.000,0.000,0.000,0.000,0.000,0.000,0.000,0.000,0.000,0.000,0.000,0.000,0.000,0.000,0.000,0.000,0.000,0.000,0.000,0.000,0.000,0.000,0.000,0.000,0.000,0.000,0.000,0.000,0.000,0.000,0.000,0.000,0.000,0.000,0.000,0.000,0.000,0.000,0.000,0.000,0.000,0.000,0.000,0.000,0.000,0.000,0.000,0.000,0.000,0.000,0.000,0.000,0.000,0.000,0.000,0.000,0.000,0.000,0.000,0.000,0.000,0.000,0.000,0.000,0.000,0.000,0.000,0.000,0.000,0.000,0.000,0.000
TWN.North,TWNZ2,Import from: TWNZ0,2249.9401700098924,0.000,0.000,0.000,0.000,0.000,0.000,0.000,0.000,0.000,0.000,0.000,0.000,0.000,0.000,0.000,0.000,6.725,22.706,23.653,24.283,24.637,22.712,10.968,0.871,0.000,0.000,0.000,0.000,0.000,0.000,0.000,0.000,0.000,0.000,0.000,0.000,0.000,0.000,0.000,0.000,3.355,15.965,22.698,22.142,22.739,17.844,6.638,0.000,0.000,0.000,0.000,0.000,0.000,0.000,0.000,0.000,0.000,0.000,0.000,0.000,0.000,0.000,0.000,0.000,0.000,6.805,15.818,19.589,17.036,9.410,0.000,0.000,0.000,0.000,0.000,0.000,0.000,0.000,0.000,0.000,0.000,0.000,0.000,0.000,0.000,0.000,0.000,0.000,0.000,0.000,6.904,11.095,7.873,0.000,0.000,0.000,0.000,0.000,0.000,5.739,14.936,17.143,8.177,8.326,12.485,13.142,14.199,26.939,18.641,21.295,0.000,0.000,0.000,0.000,0.000,0.000,0.000,0.000,0.000,0.000,0.000,7.439,11.757,20.722,26.428,29.501,30.865,31.315,31.304,30.592,28.414,30.764,27.751,20.029,4.378,0.000,0.000,0.000,0.000,0.000,0.000,0.000,0.000,0.000,0.000,11.251,23.502,35.096,39.830,39.830,39.450,39.830,38.676,39.830,35.298,39.830,37.148,28.577,15.191,0.000,0.000,0.000,0.000,0.000,0.000,0.000,0.000,0.000,0.000,14.056,19.764,39.187,38.592,39.830,39.830,39.830,39.830,39.830,36.584,37.285,39.197,24.470,16.595,0.000,0.000,0.000,0.000,0.000,0.000,0.000,0.000,0.000,0.000,0.000,3.411,20.342,16.867,27.562,20.541,27.985,19.089,26.627,20.432,21.688,18.050,9.876,1.833,0.000,0.000,0.000,0.000,0.000,0.000,0.000,0.000,0.000,0.000,0.000,0.000,0.000,0.000,0.000,0.000,0.000,0.000,0.000,0.000,0.000,0.000,0.000,0.000,0.000,0.000,0.219,11.094,13.706,12.571,2.096,0.000,0.000,0.000,0.000,0.000,0.000,0.000,0.000,0.000,0.000,0.000,0.000,0.000,0.000,0.000,0.000,0.000,0.000,0.000,11.010,18.729,20.944,19.514,13.246,0.106,0.000,0.000,0.000,0.000,0.000,0.000,0.000,0.000,0.000,0.000,0.000,0.000,0.000,0.000,0.000,0.000,0.000,6.041,17.845,23.233,24.677,23.513,21.310,11.339,1.470
TWN.North,TWNZ2,Import from: TWNZ1,98.4598609124557,0.000,0.000,0.000,0.000,0.000,0.000,0.000,0.000,0.000,0.000,0.000,0.000,0.000,0.000,0.000,0.000,0.000,3.055,3.055,0.000,2.366,3.055,0.000,0.000,0.000,0.000,0.000,0.000,0.000,0.000,0.000,0.000,0.000,0.000,0.000,0.000,0.000,0.000,0.000,0.000,0.000,2.297,2.759,2.759,2.759,2.759,0.000,0.000,0.000,0.000,0.000,0.000,0.000,0.000,0.000,0.000,0.000,0.000,0.000,0.000,0.000,0.000,0.000,0.000,0.000,0.000,2.874,3.055,3.055,0.000,0.000,0.000,0.000,0.000,0.000,0.000,0.000,0.000,0.000,0.000,0.000,0.000,0.000,0.000,0.000,0.000,0.000,0.000,0.000,0.000,0.000,0.226,0.000,0.000,0.000,0.000,0.000,0.000,0.000,0.000,0.000,0.000,0.000,0.000,0.000,0.000,0.000,0.000,0.000,0.000,0.000,0.000,0.000,0.000,0.000,0.000,0.000,0.000,0.000,0.000,0.000,0.000,0.000,0.000,0.000,0.000,0.000,0.000,0.000,0.000,0.000,0.000,0.000,0.000,0.000,0.000,0.000,0.000,0.000,0.000,0.000,0.000,0.000,0.000,0.000,0.000,2.207,1.595,3.055,2.367,3.055,3.026,3.055,0.000,0.000,3.055,3.055,3.055,0.000,0.000,0.000,0.000,0.000,0.000,0.000,0.000,0.000,0.000,0.000,0.000,0.000,0.000,0.000,2.084,3.055,3.055,3.017,0.816,0.000,0.000,0.000,0.000,0.000,0.000,0.000,0.000,0.000,0.000,0.000,0.000,0.000,0.000,0.000,0.000,0.000,0.000,0.000,0.000,0.000,0.000,0.000,0.000,0.000,0.000,0.000,0.000,0.000,0.000,0.000,0.000,0.000,0.000,0.000,0.000,0.000,0.000,0.000,0.000,0.000,0.000,0.000,0.000,0.000,0.000,0.000,0.000,0.000,0.000,0.000,0.000,0.000,0.000,0.000,0.000,0.000,1.862,0.064,0.000,0.000,0.000,0.000,0.000,0.000,0.000,0.000,0.000,0.000,0.000,0.000,0.000,0.000,0.000,0.000,0.000,0.000,0.000,0.000,0.000,2.956,2.956,2.956,0.355,0.000,0.000,0.000,0.000,0.000,0.000,0.000,0.000,0.000,0.000,0.000,0.000,0.000,0.000,0.000,0.000,0.000,0.000,0.000,3.055,3.055,1.471,3.055,3.055,0.000,0.000
TWN.North,TWNZ2,Import from: TWNZF0,570.302125956333,2.702,2.661,2.620,2.606,2.646,2.729,2.829,2.922,2.991,3.035,3.034,3.011,2.977,2.932,2.879,2.819,2.782,2.754,2.738,2.729,2.721,2.725,2.716,2.706,2.041,1.998,1.964,1.988,2.052,2.137,2.203,2.245,2.270,2.287,2.298,2.294,2.281,2.253,2.212,2.166,2.139,2.126,2.127,2.126,2.124,2.123,2.110,2.084,1.875,1.834,1.829,1.852,1.912,1.986,2.059,2.098,2.124,2.154,2.176,2.184,2.171,2.128,2.078,2.025,1.988,1.977,1.975,1.962,1.966,1.974,1.958,1.928,1.443,1.470,1.508,1.552,1.600,1.639,1.661,1.657,1.657,1.655,1.650,1.637,1.599,1.562,1.501,1.437,1.393,1.364,1.346,1.355,1.370,1.391,1.414,1.418,1.194,1.224,1.258,1.305,1.359,1.400,1.418,1.434,1.445,1.441,1.419,1.398,1.375,1.334,1.280,1.221,1.188,1.168,1.161,1.165,1.177,1.196,1.198,1.180,1.374,1.430,1.485,1.543,1.599,1.634,1.643,1.629,1.582,1.524,1.450,1.417,1.405,1.395,1.389,1.387,1.408,1.417,1.418,1.413,1.398,1.383,1.350,1.325,1.259,1.289,1.315,1.349,1.372,1.382,1.385,1.386,1.362,1.329,1.285,1.280,1.270,1.274,1.299,1.332,1.378,1.416,1.414,1.403,1.383,1.350,1.303,1.256,1.026,1.055,1.076,1.103,1.138,1.172,1.200,1.230,1.231,1.221,1.198,1.186,1.177,1.159,1.136,1.129,1.129,1.123,1.130,1.115,1.100,1.085,1.051,1.015,1.383,1.384,1.395,1.422,1.470,1.531,1.600,1.669,1.726,1.746,1.756,1.754,1.719,1.661,1.584,1.528,1.496,1.469,1.450,1.438,1.429,1.427,1.417,1.405,2.812,2.807,2.792,2.809,2.848,2.920,2.997,3.071,3.130,3.138,3.138,3.138,3.138,3.078,3.008,2.933,2.887,2.848,2.829,2.819,2.815,2.823,2.835,2.840,2.508,2.520,2.509,2.507,2.540,2.611,2.699,2.791,2.864,2.904,2.909,2.883,2.833,2.767,2.709,2.641,2.597,2.563,2.536,2.520,2.519,2.527,2.520,2.520,2.870,2.848,2.811,2.776,2.784,2.838,2.927,3.026,3.100,3.138,3.138,3.138,3.116,3.081,3.039,2.988,2.950,2.928,2.909,2.901,2.900,2.907,2.898,2.883
TWN.North,TWNZ2,Export to: TWNZ0,0.0,0.000,0.000,0.000,0.000,0.000,0.000,0.000,0.000,0.000,0.000,0.000,0.000,0.000,0.000,0.000,0.000,0.000,0.000,0.000,0.000,0.000,0.000,0.000,0.000,0.000,0.000,0.000,0.000,0.000,0.000,0.000,0.000,0.000,0.000,0.000,0.000,0.000,0.000,0.000,0.000,0.000,0.000,0.000,0.000,0.000,0.000,0.000,0.000,0.000,0.000,0.000,0.000,0.000,0.000,0.000,0.000,0.000,0.000,0.000,0.000,0.000,0.000,0.000,0.000,0.000,0.000,0.000,0.000,0.000,0.000,0.000,0.000,0.000,0.000,0.000,0.000,0.000,0.000,0.000,0.000,0.000,0.000,0.000,0.000,0.000,0.000,0.000,0.000,0.000,0.000,0.000,0.000,0.000,0.000,0.000,0.000,0.000,0.000,0.000,0.000,0.000,0.000,0.000,0.000,0.000,0.000,0.000,0.000,0.000,0.000,0.000,0.000,0.000,0.000,0.000,0.000,0.000,0.000,0.000,0.000,0.000,0.000,0.000,0.000,0.000,0.000,0.000,0.000,0.000,0.000,0.000,0.000,0.000,0.000,0.000,0.000,0.000,0.000,0.000,0.000,0.000,0.000,0.000,0.000,0.000,0.000,0.000,0.000,0.000,0.000,0.000,0.000,0.000,0.000,0.000,0.000,0.000,0.000,0.000,0.000,0.000,0.000,0.000,0.000,0.000,0.000,0.000,0.000,0.000,0.000,0.000,0.000,0.000,0.000,0.000,0.000,0.000,0.000,0.000,0.000,0.000,0.000,0.000,0.000,0.000,0.000,0.000,0.000,0.000,0.000,0.000,0.000,0.000,0.000,0.000,0.000,0.000,0.000,0.000,0.000,0.000,0.000,0.000,0.000,0.000,0.000,0.000,0.000,0.000,0.000,0.000,0.000,0.000,0.000,0.000,0.000,0.000,0.000,0.000,0.000,0.000,0.000,0.000,0.000,0.000,0.000,0.000,0.000,0.000,0.000,0.000,0.000,0.000,0.000,0.000,0.000,0.000,0.000,0.000,0.000,0.000,0.000,0.000,0.000,0.000,0.000,0.000,0.000,0.000,0.000,0.000,0.000,0.000,0.000,0.000,0.000,0.000,0.000,0.000,0.000,0.000,0.000,0.000,0.000,0.000,0.000,0.000,0.000,0.000,0.000,0.000,0.000,0.000,0.000,0.000,0.000,0.000,0.000,0.000,0.000,0.000,0.000,0.000,0.000,0.000,0.000,0.000,0.000
TWN.North,TWNZ2,Export to: TWNZ1,0.0,0.000,0.000,0.000,0.000,0.000,0.000,0.000,0.000,0.000,0.000,0.000,0.000,0.000,0.000,0.000,0.000,0.000,0.000,0.000,0.000,0.000,0.000,0.000,0.000,0.000,0.000,0.000,0.000,0.000,0.000,0.000,0.000,0.000,0.000,0.000,0.000,0.000,0.000,0.000,0.000,0.000,0.000,0.000,0.000,0.000,0.000,0.000,0.000,0.000,0.000,0.000,0.000,0.000,0.000,0.000,0.000,0.000,0.000,0.000,0.000,0.000,0.000,0.000,0.000,0.000,0.000,0.000,0.000,0.000,0.000,0.000,0.000,0.000,0.000,0.000,0.000,0.000,0.000,0.000,0.000,0.000,0.000,0.000,0.000,0.000,0.000,0.000,0.000,0.000,0.000,0.000,0.000,0.000,0.000,0.000,0.000,0.000,0.000,0.000,0.000,0.000,0.000,0.000,0.000,0.000,0.000,0.000,0.000,0.000,0.000,0.000,0.000,0.000,0.000,0.000,0.000,0.000,0.000,0.000,0.000,0.000,0.000,0.000,0.000,0.000,0.000,0.000,0.000,0.000,0.000,0.000,0.000,0.000,0.000,0.000,0.000,0.000,0.000,0.000,0.000,0.000,0.000,0.000,0.000,0.000,0.000,0.000,0.000,0.000,0.000,0.000,0.000,0.000,0.000,0.000,0.000,0.000,0.000,0.000,0.000,0.000,0.000,0.000,0.000,0.000,0.000,0.000,0.000,0.000,0.000,0.000,0.000,0.000,0.000,0.000,0.000,0.000,0.000,0.000,0.000,0.000,0.000,0.000,0.000,0.000,0.000,0.000,0.000,0.000,0.000,0.000,0.000,0.000,0.000,0.000,0.000,0.000,0.000,0.000,0.000,0.000,0.000,0.000,0.000,0.000,0.000,0.000,0.000,0.000,0.000,0.000,0.000,0.000,0.000,0.000,0.000,0.000,0.000,0.000,0.000,0.000,0.000,0.000,0.000,0.000,0.000,0.000,0.000,0.000,0.000,0.000,0.000,0.000,0.000,0.000,0.000,0.000,0.000,0.000,0.000,0.000,0.000,0.000,0.000,0.000,0.000,0.000,0.000,0.000,0.000,0.000,0.000,0.000,0.000,0.000,0.000,0.000,0.000,0.000,0.000,0.000,0.000,0.000,0.000,0.000,0.000,0.000,0.000,0.000,0.000,0.000,0.000,0.000,0.000,0.000,0.000,0.000,0.000,0.000,0.000,0.000,0.000,0.000,0.000,0.000,0.000,0.000,0.000
TWN.South,TWNZ3,Demand(GWh),71644.22138338974,236.040,244.100,249.518,252.153,252.528,251.613,250.484,249.984,250.457,251.645,257.476,261.238,261.172,256.611,246.861,233.452,218.473,208.762,202.420,199.918,201.586,207.490,216.339,226.538,214.614,222.148,227.409,230.205,230.940,230.419,229.562,229.100,229.345,230.091,234.939,237.893,237.435,233.249,224.307,212.233,198.577,190.148,184.265,181.936,183.601,188.937,196.942,206.169,242.556,252.195,259.842,264.983,267.729,268.654,268.532,268.041,267.525,266.887,265.794,268.288,267.524,263.146,253.351,240.242,224.197,214.907,208.268,205.635,207.503,213.510,222.527,232.922,238.410,248.481,257.319,264.138,268.677,271.118,271.897,271.486,270.194,268.073,264.942,265.425,263.111,258.168,248.648,236.826,221.418,212.826,206.573,204.092,205.993,211.523,219.820,229.383,254.252,265.539,275.636,283.611,289.090,292.178,293.283,292.872,291.283,288.608,284.718,284.465,281.303,275.557,265.170,252.620,236.048,226.095,219.628,217.083,218.801,224.841,233.889,244.316,249.984,260.639,270.061,277.399,282.347,285.058,285.965,285.543,284.115,281.751,278.286,278.364,275.599,270.226,260.278,248.106,232.176,223.142,216.753,214.219,216.018,221.801,230.480,240.486,258.657,269.554,279.370,287.181,292.594,295.679,296.801,296.395,294.782,292.065,288.144,287.911,284.862,279.338,269.286,257.150,241.022,231.908,225.546,223.024,224.817,230.576,239.218,249.177,259.683,270.737,280.500,288.094,293.203,295.994,296.919,296.472,294.991,292.545,288.962,289.032,286.153,280.557,270.222,257.578,241.046,231.776,225.142,222.514,224.386,230.397,239.416,249.813,246.328,256.848,266.217,273.575,278.585,281.369,282.321,281.894,280.401,277.925,276.611,275.955,272.356,266.367,256.187,244.191,228.614,220.157,213.759,211.215,213.147,218.794,227.273,237.047,248.826,259.402,268.588,275.589,280.175,282.583,283.315,282.891,281.639,279.599,281.257,280.619,276.687,270.154,259.398,246.817,230.993,221.481,215.131,212.621,214.282,220.178,229.020,239.211,235.979,245.475,253.173,258.516,261.538,262.725,262.769,262.292,261.623,260.697,263.659,264.459,261.861,256.164,245.936,233.305,218.083,209.437,203.034,200.487,202.271,208.039,216.702,226.692,237.263,245.169,250.519,253.157,253.582,252.723,251.622,251.096,251.482,252.534,258.210,261.836,261.693,257.198,247.556,234.343,219.531,210.929,204.414,201.821,203.780,209.523,218.148,228.091
TWN.South,TWNZ3,Zone Supply(GWh),74278.43965265896,245.358,254.479,262.174,267.079,268.354,266.102,260.993,256.405,257.106,258.583,265.164,269.256,269.002,263.637,252.478,237.211,233.508,233.091,224.455,217.162,222.908,232.488,233.331,235.882,222.919,231.131,238.003,242.481,243.844,241.985,237.263,235.025,235.457,236.457,242.046,245.368,244.769,239.886,229.647,215.886,210.854,210.537,206.844,201.809,205.425,210.289,210.959,214.802,247.919,258.667,267.214,272.950,276.041,277.122,277.096,276.722,276.364,275.889,275.109,277.917,276.895,271.741,260.495,245.538,232.318,231.900,231.584,230.633,231.441,231.662,233.062,238.762,244.551,254.872,265.737,273.437,278.610,281.442,282.459,282.169,280.881,278.646,275.231,275.784,273.056,267.348,256.499,243.090,225.665,225.310,225.030,224.875,224.888,225.131,227.155,234.623,262.691,275.390,286.799,283.611,302.088,305.661,307.004,306.637,291.369,288.906,284.718,284.465,281.303,275.557,275.434,261.199,242.387,233.305,233.064,232.955,232.995,233.439,239.949,251.619,258.443,270.478,270.061,277.399,282.347,285.395,286.604,286.247,284.703,282.069,278.286,291.542,275.599,270.226,264.784,249.624,238.702,228.429,226.263,226.171,226.216,226.875,236.706,247.902,267.882,280.224,287.155,295.630,303.421,320.213,309.616,308.204,312.250,300.206,309.534,312.239,308.553,288.278,269.286,258.047,248.189,237.851,233.873,233.773,233.826,236.350,246.135,257.296,269.053,278.681,284.298,288.995,295.031,304.327,307.616,307.258,304.818,298.194,290.564,289.269,286.153,280.557,270.222,257.981,248.149,237.653,233.724,233.602,233.653,236.118,246.333,258.066,246.328,266.153,266.217,285.312,284.202,293.527,282.531,282.199,280.577,277.925,276.611,288.769,272.356,266.367,256.187,252.091,234.399,226.618,226.366,226.245,226.286,226.491,232.960,243.970,254.923,266.749,277.182,285.239,280.175,282.583,294.664,294.379,293.124,290.945,292.822,291.930,287.257,271.758,259.772,252.703,235.947,235.616,235.391,235.293,235.349,235.551,236.580,244.244,240.473,250.934,259.465,265.410,268.853,263.456,270.448,270.093,269.568,268.799,272.294,273.056,261.861,256.164,251.999,237.586,228.583,228.239,227.226,224.679,226.463,228.056,228.612,232.579,245.506,254.267,260.248,264.791,266.193,264.220,262.061,257.428,258.009,259.326,265.713,269.662,269.336,264.055,253.016,237.970,234.175,233.835,227.110,221.931,225.809,233.641,234.084,236.902
TWN.South,TWNZ3,Spilled Energy(GWh),0.0,0.000,0.000,0.000,0.000,0.000,0.000,0.000,0.000,0.000,0.000,0.000,0.000,0.000,0.000,0.000,0.000,0.000,0.000,0.000,0.000,0.000,0.000,0.000,0.000,0.000,0.000,0.000,0.000,0.000,0.000,0.000,0.000,0.000,0.000,0.000,0.000,0.000,0.000,0.000,0.000,0.000,0.000,0.000,0.000,0.000,0.000,0.000,0.000,0.000,0.000,0.000,0.000,0.000,0.000,0.000,0.000,0.000,0.000,0.000,0.000,0.000,0.000,0.000,0.000,0.000,0.000,0.000,0.000,0.000,0.000,0.000,0.000,0.000,0.000,0.000,0.000,0.000,0.000,0.000,0.000,0.000,0.000,0.000,0.000,0.000,0.000,0.000,0.000,0.000,0.000,0.000,0.000,0.000,0.000,0.000,0.000,0.000,0.000,0.000,0.000,0.000,0.000,0.000,0.000,0.000,0.000,0.000,0.000,0.000,0.000,0.000,0.000,0.000,0.000,0.000,0.000,0.000,0.000,0.000,0.000,0.000,0.000,0.000,0.000,0.000,0.000,0.000,0.000,0.000,0.000,0.000,0.000,0.000,0.000,0.000,0.000,0.000,0.000,0.000,0.000,0.000,0.000,0.000,0.000,0.000,0.000,0.000,0.000,0.000,0.000,0.000,0.000,0.000,0.000,0.000,0.000,0.000,0.000,0.000,0.000,0.000,0.000,0.000,0.000,0.000,0.000,0.000,0.000,0.000,0.000,0.000,0.000,0.000,0.000,0.000,0.000,0.000,0.000,0.000,0.000,0.000,0.000,0.000,0.000,0.000,0.000,0.000,0.000,0.000,0.000,0.000,0.000,0.000,0.000,0.000,0.000,0.000,0.000,0.000,0.000,0.000,0.000,0.000,0.000,0.000,0.000,0.000,0.000,0.000,0.000,0.000,0.000,0.000,0.000,0.000,0.000,0.000,0.000,0.000,0.000,0.000,0.000,0.000,0.000,0.000,0.000,0.000,0.000,0.000,0.000,0.000,0.000,0.000,0.000,0.000,0.000,0.000,0.000,0.000,0.000,0.000,0.000,0.000,0.000,0.000,0.000,0.000,0.000,0.000,0.000,0.000,0.000,0.000,0.000,0.000,0.000,0.000,0.000,0.000,0.000,0.000,0.000,0.000,0.000,0.000,0.000,0.000,0.000,0.000,0.000,0.000,0.000,0.000,0.000,0.000,0.000,0.000,0.000,0.000,0.000,0.000,0.000,0.000,0.000,0.000,0.000,0.000,0.000
TWN.South,TWNZ3,Import from: TWNZ0,0.0,0.000,0.000,0.000,0.000,0.000,0.000,0.000,0.000,0.000,0.000,0.000,0.000,0.000,0.000,0.000,0.000,0.000,0.000,0.000,0.000,0.000,0.000,0.000,0.000,0.000,0.000,0.000,0.000,0.000,0.000,0.000,0.000,0.000,0.000,0.000,0.000,0.000,0.000,0.000,0.000,0.000,0.000,0.000,0.000,0.000,0.000,0.000,0.000,0.000,0.000,0.000,0.000,0.000,0.000,0.000,0.000,0.000,0.000,0.000,0.000,0.000,0.000,0.000,0.000,0.000,0.000,0.000,0.000,0.000,0.000,0.000,0.000,0.000,0.000,0.000,0.000,0.000,0.000,0.000,0.000,0.000,0.000,0.000,0.000,0.000,0.000,0.000,0.000,0.000,0.000,0.000,0.000,0.000,0.000,0.000,0.000,0.000,0.000,0.000,0.000,0.000,0.000,0.000,0.000,0.000,0.000,0.000,0.000,0.000,0.000,0.000,0.000,0.000,0.000,0.000,0.000,0.000,0.000,0.000,0.000,0.000,0.000,0.000,0.000,0.000,0.000,0.000,0.000,0.000,0.000,0.000,0.000,0.000,0.000,0.000,0.000,0.000,0.000,0.000,0.000,0.000,0.000,0.000,0.000,0.000,0.000,0.000,0.000,0.000,0.000,0.000,0.000,0.000,0.000,0.000,0.000,0.000,0.000,0.000,0.000,0.000,0.000,0.000,0.000,0.000,0.000,0.000,0.000,0.000,0.000,0.000,0.000,0.000,0.000,0.000,0.000,0.000,0.000,0.000,0.000,0.000,0.000,0.000,0.000,0.000,0.000,0.000,0.000,0.000,0.000,0.000,0.000,0.000,0.000,0.000,0.000,0.000,0.000,0.000,0.000,0.000,0.000,0.000,0.000,0.000,0.000,0.000,0.000,0.000,0.000,0.000,0.000,0.000,0.000,0.000,0.000,0.000,0.000,0.000,0.000,0.000,0.000,0.000,0.000,0.000,0.000,0.000,0.000,0.000,0.000,0.000,0.000,0.000,0.000,0.000,0.000,0.000,0.000,0.000,0.000,0.000,0.000,0.000,0.000,0.000,0.000,0.000,0.000,0.000,0.000,0.000,0.000,0.000,0.000,0.000,0.000,0.000,0.000,0.000,0.000,0.000,0.000,0.000,0.000,0.000,0.000,0.000,0.000,0.000,0.000,0.000,0.000,0.000,0.000,0.000,0.000,0.000,0.000,0.000,0.000,0.000,0.000,0.000,0.000,0.000,0.000,0.000,0.000
TWN.South,TWNZ3,Import from: TWNZ1,0.0,0.000,0.000,0.000,0.000,0.000,0.000,0.000,0.000,0.000,0.000,0.000,0.000,0.000,0.000,0.000,0.000,0.000,0.000,0.000,0.000,0.000,0.000,0.000,0.000,0.000,0.000,0.000,0.000,0.000,0.000,0.000,0.000,0.000,0.000,0.000,0.000,0.000,0.000,0.000,0.000,0.000,0.000,0.000,0.000,0.000,0.000,0.000,0.000,0.000,0.000,0.000,0.000,0.000,0.000,0.000,0.000,0.000,0.000,0.000,0.000,0.000,0.000,0.000,0.000,0.000,0.000,0.000,0.000,0.000,0.000,0.000,0.000,0.000,0.000,0.000,0.000,0.000,0.000,0.000,0.000,0.000,0.000,0.000,0.000,0.000,0.000,0.000,0.000,0.000,0.000,0.000,0.000,0.000,0.000,0.000,0.000,0.000,0.000,0.000,0.000,0.000,0.000,0.000,0.000,0.000,0.000,0.000,0.000,0.000,0.000,0.000,0.000,0.000,0.000,0.000,0.000,0.000,0.000,0.000,0.000,0.000,0.000,0.000,0.000,0.000,0.000,0.000,0.000,0.000,0.000,0.000,0.000,0.000,0.000,0.000,0.000,0.000,0.000,0.000,0.000,0.000,0.000,0.000,0.000,0.000,0.000,0.000,0.000,0.000,0.000,0.000,0.000,0.000,0.000,0.000,0.000,0.000,0.000,0.000,0.000,0.000,0.000,0.000,0.000,0.000,0.000,0.000,0.000,0.000,0.000,0.000,0.000,0.000,0.000,0.000,0.000,0.000,0.000,0.000,0.000,0.000,0.000,0.000,0.000,0.000,0.000,0.000,0.000,0.000,0.000,0.000,0.000,0.000,0.000,0.000,0.000,0.000,0.000,0.000,0.000,0.000,0.000,0.000,0.000,0.000,0.000,0.000,0.000,0.000,0.000,0.000,0.000,0.000,0.000,0.000,0.000,0.000,0.000,0.000,0.000,0.000,0.000,0.000,0.000,0.000,0.000,0.000,0.000,0.000,0.000,0.000,0.000,0.000,0.000,0.000,0.000,0.000,0.000,0.000,0.000,0.000,0.000,0.000,0.000,0.000,0.000,0.000,0.000,0.000,0.000,0.000,0.000,0.000,0.000,0.000,0.000,0.000,0.000,0.000,0.000,0.000,0.000,0.000,0.000,0.000,0.000,0.000,0.000,0.000,0.000,0.000,0.000,0.000,0.000,0.000,0.000,0.000,0.000,0.000,0.000,0.000,0.000,0.000,0.000,0.000,0.000,0.000,0.000
TWN.South,TWNZ3,Import from: TWNZF3,0.0,0.000,0.000,0.000,0.000,0.000,0.000,0.000,0.000,0.000,0.000,0.000,0.000,0.000,0.000,0.000,0.000,0.000,0.000,0.000,0.000,0.000,0.000,0.000,0.000,0.000,0.000,0.000,0.000,0.000,0.000,0.000,0.000,0.000,0.000,0.000,0.000,0.000,0.000,0.000,0.000,0.000,0.000,0.000,0.000,0.000,0.000,0.000,0.000,0.000,0.000,0.000,0.000,0.000,0.000,0.000,0.000,0.000,0.000,0.000,0.000,0.000,0.000,0.000,0.000,0.000,0.000,0.000,0.000,0.000,0.000,0.000,0.000,0.000,0.000,0.000,0.000,0.000,0.000,0.000,0.000,0.000,0.000,0.000,0.000,0.000,0.000,0.000,0.000,0.000,0.000,0.000,0.000,0.000,0.000,0.000,0.000,0.000,0.000,0.000,0.000,0.000,0.000,0.000,0.000,0.000,0.000,0.000,0.000,0.000,0.000,0.000,0.000,0.000,0.000,0.000,0.000,0.000,0.000,0.000,0.000,0.000,0.000,0.000,0.000,0.000,0.000,0.000,0.000,0.000,0.000,0.000,0.000,0.000,0.000,0.000,0.000,0.000,0.000,0.000,0.000,0.000,0.000,0.000,0.000,0.000,0.000,0.000,0.000,0.000,0.000,0.000,0.000,0.000,0.000,0.000,0.000,0.000,0.000,0.000,0.000,0.000,0.000,0.000,0.000,0.000,0.000,0.000,0.000,0.000,0.000,0.000,0.000,0.000,0.000,0.000,0.000,0.000,0.000,0.000,0.000,0.000,0.000,0.000,0.000,0.000,0.000,0.000,0.000,0.000,0.000,0.000,0.000,0.000,0.000,0.000,0.000,0.000,0.000,0.000,0.000,0.000,0.000,0.000,0.000,0.000,0.000,0.000,0.000,0.000,0.000,0.000,0.000,0.000,0.000,0.000,0.000,0.000,0.000,0.000,0.000,0.000,0.000,0.000,0.000,0.000,0.000,0.000,0.000,0.000,0.000,0.000,0.000,0.000,0.000,0.000,0.000,0.000,0.000,0.000,0.000,0.000,0.000,0.000,0.000,0.000,0.000,0.000,0.000,0.000,0.000,0.000,0.000,0.000,0.000,0.000,0.000,0.000,0.000,0.000,0.000,0.000,0.000,0.000,0.000,0.000,0.000,0.000,0.000,0.000,0.000,0.000,0.000,0.000,0.000,0.000,0.000,0.000,0.000,0.000,0.000,0.000,0.000,0.000,0.000,0.000,0.000,0.000,0.000
TWN.South,TWNZ3,Export to: TWNZ0,118.95380656993022,0.000,0.000,0.000,0.000,0.000,0.000,0.000,0.000,0.000,0.000,0.000,0.000,0.000,0.000,0.000,0.000,0.000,3.100,3.100,1.720,3.100,3.100,0.000,0.000,0.000,0.000,0.000,0.000,0.000,0.000,0.000,0.000,0.000,0.000,0.000,0.000,0.000,0.000,0.000,0.000,0.000,2.800,2.800,2.800,2.800,2.800,0.000,0.000,0.000,0.000,0.000,0.000,0.000,0.000,0.000,0.000,0.000,0.000,0.000,0.000,0.000,0.000,0.000,0.000,0.000,0.000,3.100,3.100,3.100,0.141,0.000,0.000,0.000,0.000,0.000,0.000,0.000,0.000,0.000,0.000,0.000,0.000,0.000,0.000,0.000,0.000,0.000,0.000,0.000,0.000,0.626,3.000,1.060,0.000,0.000,0.000,0.000,0.000,0.000,0.000,0.000,0.000,0.000,0.000,0.000,0.000,0.000,0.000,0.000,0.000,0.000,0.000,0.000,0.000,0.000,0.000,0.000,0.000,0.000,0.000,0.000,0.000,0.000,0.000,0.000,0.000,0.000,0.000,0.000,0.000,0.000,0.000,0.000,0.000,0.000,0.000,0.000,0.000,0.000,0.000,0.000,0.000,0.000,0.000,0.000,0.000,3.100,3.100,3.100,3.100,3.100,3.100,3.100,3.100,3.100,3.100,3.100,3.100,0.000,0.000,0.000,0.000,0.000,0.000,0.000,0.000,0.000,0.000,0.000,0.000,0.000,0.000,0.000,0.000,0.647,0.755,0.018,0.000,0.000,0.000,0.000,0.000,0.000,0.000,0.000,0.000,0.000,0.000,0.000,0.000,0.000,0.000,0.000,0.000,0.000,0.000,0.000,0.000,0.000,0.000,0.000,0.000,0.000,0.000,0.000,0.000,0.000,0.000,0.000,0.000,0.000,0.000,0.000,0.000,0.000,0.000,0.000,0.000,0.000,0.000,0.000,0.000,0.000,0.000,0.000,0.000,0.000,0.000,0.000,0.000,0.000,0.000,0.000,0.000,2.283,3.100,3.100,0.000,0.000,0.000,0.000,0.000,0.000,0.000,0.000,0.000,0.000,0.000,0.000,0.000,0.000,0.000,0.000,0.000,0.000,0.000,0.000,2.105,3.000,3.000,3.000,3.000,0.000,0.000,0.000,0.000,0.000,0.000,0.000,0.000,0.000,0.000,0.000,0.000,0.000,0.000,0.000,0.000,0.000,0.000,0.000,3.100,3.100,3.100,3.100,3.100,0.000,0.000
TWN.South,TWNZ3,Export to: TWNZ1,2515.2644626992305,9.318,10.379,12.656,14.926,15.826,14.489,10.509,6.421,6.649,6.938,7.688,8.018,7.830,7.026,5.617,3.759,15.035,21.229,18.936,15.525,18.222,21.898,16.992,9.344,8.305,8.983,10.595,12.275,12.904,11.565,7.701,5.925,6.111,6.366,7.107,7.475,7.333,6.636,5.340,3.653,12.277,17.589,19.779,17.073,19.025,18.551,14.017,8.633,5.362,6.472,7.372,7.967,8.312,8.468,8.564,8.681,8.839,9.002,9.315,9.629,9.372,8.595,7.144,5.296,8.121,16.993,20.216,21.898,20.838,18.011,10.535,5.840,6.141,6.391,8.418,9.299,9.933,10.324,10.562,10.682,10.687,10.573,10.288,10.359,9.945,9.181,7.851,6.263,4.247,12.484,17.830,17.783,17.835,13.608,7.335,5.239,8.439,9.851,11.163,0.000,12.999,13.483,13.721,13.764,0.086,0.298,0.000,0.000,0.000,0.000,10.264,8.579,6.339,7.211,13.436,15.872,14.193,8.598,6.060,7.303,8.459,9.839,0.000,0.000,0.000,0.337,0.639,0.704,0.588,0.319,0.000,13.178,0.000,0.000,4.506,1.518,6.526,5.287,9.511,11.952,10.198,5.074,6.226,7.416,9.225,10.670,4.685,5.349,7.728,21.434,9.715,8.708,14.368,5.041,18.290,21.228,20.591,5.840,0.000,0.897,7.167,5.943,8.327,10.749,9.009,5.774,6.917,8.118,9.370,7.944,3.798,0.901,1.827,8.333,10.051,10.031,9.809,5.649,1.603,0.237,0.000,0.000,0.000,0.404,7.103,5.877,8.582,11.088,9.267,5.722,6.917,8.253,0.000,9.305,0.000,11.738,5.616,12.158,0.209,0.306,0.176,0.000,0.000,12.814,0.000,0.000,0.000,7.901,5.785,6.462,12.608,15.030,13.138,7.696,5.687,6.923,6.098,7.347,8.594,9.649,0.000,0.000,11.348,11.488,11.485,11.346,11.565,11.311,10.571,1.604,0.374,5.886,4.954,14.136,17.977,19.572,17.967,15.373,7.559,5.033,4.494,5.458,6.292,6.895,7.315,0.731,7.678,7.801,7.946,8.102,8.634,8.598,0.000,0.000,6.064,4.281,10.500,16.698,21.192,21.192,21.192,17.017,11.910,5.888,8.243,9.097,9.729,11.634,12.611,11.496,10.439,6.332,6.527,6.792,7.503,7.826,7.644,6.858,5.460,3.627,14.645,19.806,19.597,17.010,18.929,21.018,15.936,8.812
TWN.OffRgn1,TWNZF0,Zone Supply(GWh),579.0795749999995,2.743,2.702,2.659,2.645,2.686,2.770,2.872,2.966,3.036,3.081,3.080,3.057,3.022,2.976,2.923,2.862,2.824,2.796,2.779,2.770,2.762,2.766,2.757,2.747,2.072,2.029,1.994,2.018,2.084,2.170,2.236,2.279,2.304,2.322,2.333,2.329,2.315,2.287,2.245,2.199,2.172,2.158,2.159,2.158,2.156,2.155,2.142,2.116,1.903,1.862,1.856,1.880,1.941,2.016,2.090,2.130,2.156,2.187,2.209,2.217,2.204,2.160,2.110,2.055,2.019,2.007,2.005,1.992,1.996,2.004,1.988,1.958,1.465,1.493,1.530,1.576,1.625,1.664,1.686,1.683,1.682,1.680,1.675,1.661,1.624,1.586,1.524,1.459,1.414,1.385,1.367,1.375,1.391,1.412,1.436,1.440,1.212,1.243,1.277,1.324,1.380,1.422,1.440,1.455,1.467,1.463,1.440,1.419,1.396,1.355,1.299,1.240,1.206,1.186,1.179,1.183,1.195,1.215,1.216,1.198,1.395,1.451,1.508,1.566,1.624,1.659,1.668,1.653,1.606,1.547,1.472,1.439,1.427,1.416,1.410,1.409,1.429,1.439,1.439,1.435,1.419,1.404,1.371,1.345,1.278,1.309,1.335,1.369,1.393,1.403,1.406,1.407,1.382,1.349,1.305,1.299,1.289,1.294,1.319,1.352,1.399,1.438,1.436,1.425,1.404,1.371,1.322,1.275,1.041,1.071,1.092,1.120,1.155,1.190,1.218,1.249,1.250,1.239,1.216,1.204,1.195,1.177,1.153,1.146,1.146,1.140,1.147,1.132,1.116,1.101,1.067,1.030,1.404,1.405,1.417,1.444,1.492,1.554,1.624,1.694,1.752,1.773,1.783,1.780,1.745,1.686,1.608,1.551,1.519,1.492,1.472,1.459,1.451,1.449,1.439,1.427,2.854,2.850,2.835,2.851,2.891,2.964,3.042,3.118,3.177,3.214,3.228,3.222,3.186,3.125,3.054,2.978,2.930,2.891,2.872,2.862,2.857,2.866,2.878,2.883,2.546,2.558,2.547,2.545,2.579,2.651,2.740,2.834,2.907,2.948,2.953,2.927,2.876,2.809,2.750,2.681,2.637,2.602,2.574,2.558,2.557,2.565,2.558,2.558,2.914,2.891,2.853,2.818,2.826,2.881,2.972,3.072,3.147,3.189,3.202,3.189,3.163,3.128,3.085,3.034,2.995,2.972,2.953,2.945,2.944,2.951,2.942,2.926
TWN.OffRgn1,TWNZF0,Curtailment(GWh),0.12744099999998734,0.000,0.000,0.000,0.000,0.000,0.000,0.000,0.000,0.000,0.000,0.000,0.000,0.000,0.000,0.000,0.000,0.000,0.000,0.000,0.000,0.000,0.000,0.000,0.000,0.000,0.000,0.000,0.000,0.000,0.000,0.000,0.000,0.000,0.000,0.000,0.000,0.000,0.000,0.000,0.000,0.000,0.000,0.000,0.000,0.000,0.000,0.000,0.000,0.000,0.000,0.000,0.000,0.000,0.000,0.000,0.000,0.000,0.000,0.000,0.000,0.000,0.000,0.000,0.000,0.000,0.000,0.000,0.000,0.000,0.000,0.000,0.000,0.000,0.000,0.000,0.000,0.000,0.000,0.000,0.000,0.000,0.000,0.000,0.000,0.000,0.000,0.000,0.000,0.000,0.000,0.000,0.000,0.000,0.000,0.000,0.000,0.000,0.000,0.000,0.000,0.000,0.000,0.000,0.000,0.000,0.000,0.000,0.000,0.000,0.000,0.000,0.000,0.000,0.000,0.000,0.000,0.000,0.000,0.000,0.000,0.000,0.000,0.000,0.000,0.000,0.000,0.000,0.000,0.000,0.000,0.000,0.000,0.000,0.000,0.000,0.000,0.000,0.000,0.000,0.000,0.000,0.000,0.000,0.000,0.000,0.000,0.000,0.000,0.000,0.000,0.000,0.000,0.000,0.000,0.000,0.000,0.000,0.000,0.000,0.000,0.000,0.000,0.000,0.000,0.000,0.000,0.000,0.000,0.000,0.000,0.000,0.000,0.000,0.000,0.000,0.000,0.000,0.000,0.000,0.000,0.000,0.000,0.000,0.000,0.000,0.000,0.000,0.000,0.000,0.000,0.000,0.000,0.000,0.000,0.000,0.000,0.000,0.000,0.000,0.000,0.000,0.000,0.000,0.000,0.000,0.000,0.000,0.000,0.000,0.000,0.000,0.000,0.000,0.000,0.000,0.000,0.000,0.000,0.000,0.000,0.000,0.000,0.000,0.000,0.000,0.028,0.042,0.036,0.000,0.000,0.000,0.000,0.000,0.000,0.000,0.000,0.000,0.000,0.000,0.000,0.000,0.000,0.000,0.000,0.000,0.000,0.000,0.000,0.000,0.000,0.000,0.000,0.000,0.000,0.000,0.000,0.000,0.000,0.000,0.000,0.000,0.000,0.000,0.000,0.000,0.000,0.000,0.000,0.000,0.000,0.000,0.000,0.000,0.002,0.016,0.003,0.000,0.000,0.000,0.000,0.000,0.000,0.000,0.000,0.000,0.000,0.000,0.000
TWN.OffRgn1,TWNZF0,Export to: TWNZ2,578.9521339999997,2.743,2.702,2.659,2.645,2.686,2.770,2.872,2.966,3.036,3.081,3.080,3.057,3.022,2.976,2.923,2.862,2.824,2.796,2.779,2.770,2.762,2.766,2.757,2.747,2.072,2.029,1.994,2.018,2.084,2.170,2.236,2.279,2.304,2.322,2.333,2.329,2.315,2.287,2.245,2.199,2.172,2.158,2.159,2.158,2.156,2.155,2.142,2.116,1.903,1.862,1.856,1.880,1.941,2.016,2.090,2.130,2.156,2.187,2.209,2.217,2.204,2.160,2.110,2.055,2.019,2.007,2.005,1.992,1.996,2.004,1.988,1.958,1.465,1.493,1.530,1.576,1.625,1.664,1.686,1.683,1.682,1.680,1.675,1.661,1.624,1.586,1.524,1.459,1.414,1.385,1.367,1.375,1.391,1.412,1.436,1.440,1.212,1.243,1.277,1.324,1.380,1.422,1.440,1.455,1.467,1.463,1.440,1.419,1.396,1.355,1.299,1.240,1.206,1.186,1.179,1.183,1.195,1.215,1.216,1.198,1.395,1.451,1.508,1.566,1.624,1.659,1.668,1.653,1.606,1.547,1.472,1.439,1.427,1.416,1.410,1.409,1.429,1.439,1.439,1.435,1.419,1.404,1.371,1.345,1.278,1.309,1.335,1.369,1.393,1.403,1.406,1.407,1.382,1.349,1.305,1.299,1.289,1.294,1.319,1.352,1.399,1.438,1.436,1.425,1.404,1.371,1.322,1.275,1.041,1.071,1.092,1.120,1.155,1.190,1.218,1.249,1.250,1.239,1.216,1.204,1.195,1.177,1.153,1.146,1.146,1.140,1.147,1.132,1.116,1.101,1.067,1.030,1.404,1.405,1.417,1.444,1.492,1.554,1.624,1.694,1.752,1.773,1.783,1.780,1.745,1.686,1.608,1.551,1.519,1.492,1.472,1.459,1.451,1.449,1.439,1.427,2.854,2.850,2.835,2.851,2.891,2.964,3.042,3.118,3.177,3.186,3.186,3.186,3.186,3.125,3.054,2.978,2.930,2.891,2.872,2.862,2.857,2.866,2.878,2.883,2.546,2.558,2.547,2.545,2.579,2.651,2.740,2.834,2.907,2.948,2.953,2.927,2.876,2.809,2.750,2.681,2.637,2.602,2.574,2.558,2.557,2.565,2.558,2.558,2.914,2.891,2.853,2.818,2.826,2.881,2.972,3.072,3.147,3.186,3.186,3.186,3.163,3.128,3.085,3.034,2.995,2.972,2.953,2.945,2.944,2.951,2.942,2.926
TWN.OffRgn2,TWNZF1,Zone Supply(GWh),0.0,0.000,0.000,0.000,0.000,0.000,0.000,0.000,0.000,0.000,0.000,0.000,0.000,0.000,0.000,0.000,0.000,0.000,0.000,0.000,0.000,0.000,0.000,0.000,0.000,0.000,0.000,0.000,0.000,0.000,0.000,0.000,0.000,0.000,0.000,0.000,0.000,0.000,0.000,0.000,0.000,0.000,0.000,0.000,0.000,0.000,0.000,0.000,0.000,0.000,0.000,0.000,0.000,0.000,0.000,0.000,0.000,0.000,0.000,0.000,0.000,0.000,0.000,0.000,0.000,0.000,0.000,0.000,0.000,0.000,0.000,0.000,0.000,0.000,0.000,0.000,0.000,0.000,0.000,0.000,0.000,0.000,0.000,0.000,0.000,0.000,0.000,0.000,0.000,0.000,0.000,0.000,0.000,0.000,0.000,0.000,0.000,0.000,0.000,0.000,0.000,0.000,0.000,0.000,0.000,0.000,0.000,0.000,0.000,0.000,0.000,0.000,0.000,0.000,0.000,0.000,0.000,0.000,0.000,0.000,0.000,0.000,0.000,0.000,0.000,0.000,0.000,0.000,0.000,0.000,0.000,0.000,0.000,0.000,0.000,0.000,0.000,0.000,0.000,0.000,0.000,0.000,0.000,0.000,0.000,0.000,0.000,0.000,0.000,0.000,0.000,0.000,0.000,0.000,0.000,0.000,0.000,0.000,0.000,0.000,0.000,0.000,0.000,0.000,0.000,0.000,0.000,0.000,0.000,0.000,0.000,0.000,0.000,0.000,0.000,0.000,0.000,0.000,0.000,0.000,0.000,0.000,0.000,0.000,0.000,0.000,0.000,0.000,0.000,0.000,0.000,0.000,0.000,0.000,0.000,0.000,0.000,0.000,0.000,0.000,0.000,0.000,0.000,0.000,0.000,0.000,0.000,0.000,0.000,0.000,0.000,0.000,0.000,0.000,0.000,0.000,0.000,0.000,0.000,0.000,0.000,0.000,0.000,0.000,0.000,0.000,0.000,0.000,0.000,0.000,0.000,0.000,0.000,0.000,0.000,0.000,0.000,0.000,0.000,0.000,0.000,0.000,0.000,0.000,0.000,0.000,0.000,0.000,0.000,0.000,0.000,0.000,0.000,0.000,0.000,0.000,0.000,0.000,0.000,0.000,0.000,0.000,0.000,0.000,0.000,0.000,0.000,0.000,0.000,0.000,0.000,0.000,0.000,0.000,0.000,0.000,0.000,0.000,0.000,0.000,0.000,0.000,0.000,0.000,0.000,0.000,0.000,0.000,0.000
TWN.OffRgn2,TWNZF1,Curtailment(GWh),0.0,0.000,0.000,0.000,0.000,0.000,0.000,0.000,0.000,0.000,0.000,0.000,0.000,0.000,0.000,0.000,0.000,0.000,0.000,0.000,0.000,0.000,0.000,0.000,0.000,0.000,0.000,0.000,0.000,0.000,0.000,0.000,0.000,0.000,0.000,0.000,0.000,0.000,0.000,0.000,0.000,0.000,0.000,0.000,0.000,0.000,0.000,0.000,0.000,0.000,0.000,0.000,0.000,0.000,0.000,0.000,0.000,0.000,0.000,0.000,0.000,0.000,0.000,0.000,0.000,0.000,0.000,0.000,0.000,0.000,0.000,0.000,0.000,0.000,0.000,0.000,0.000,0.000,0.000,0.000,0.000,0.000,0.000,0.000,0.000,0.000,0.000,0.000,0.000,0.000,0.000,0.000,0.000,0.000,0.000,0.000,0.000,0.000,0.000,0.000,0.000,0.000,0.000,0.000,0.000,0.000,0.000,0.000,0.000,0.000,0.000,0.000,0.000,0.000,0.000,0.000,0.000,0.000,0.000,0.000,0.000,0.000,0.000,0.000,0.000,0.000,0.000,0.000,0.000,0.000,0.000,0.000,0.000,0.000,0.000,0.000,0.000,0.000,0.000,0.000,0.000,0.000,0.000,0.000,0.000,0.000,0.000,0.000,0.000,0.000,0.000,0.000,0.000,0.000,0.000,0.000,0.000,0.000,0.000,0.000,0.000,0.000,0.000,0.000,0.000,0.000,0.000,0.000,0.000,0.000,0.000,0.000,0.000,0.000,0.000,0.000,0.000,0.000,0.000,0.000,0.000,0.000,0.000,0.000,0.000,0.000,0.000,0.000,0.000,0.000,0.000,0.000,0.000,0.000,0.000,0.000,0.000,0.000,0.000,0.000,0.000,0.000,0.000,0.000,0.000,0.000,0.000,0.000,0.000,0.000,0.000,0.000,0.000,0.000,0.000,0.000,0.000,0.000,0.000,0.000,0.000,0.000,0.000,0.000,0.000,0.000,0.000,0.000,0.000,0.000,0.000,0.000,0.000,0.000,0.000,0.000,0.000,0.000,0.000,0.000,0.000,0.000,0.000,0.000,0.000,0.000,0.000,0.000,0.000,0.000,0.000,0.000,0.000,0.000,0.000,0.000,0.000,0.000,0.000,0.000,0.000,0.000,0.000,0.000,0.000,0.000,0.000,0.000,0.000,0.000,0.000,0.000,0.000,0.000,0.000,0.000,0.000,0.000,0.000,0.000,0.000,0.000,0.000,0.000,0.000,0.000,0.000,0.000,0.000
TWN.OffRgn2,TWNZF1,Export to: TWNZ0,0.0,0.000,0.000,0.000,0.000,0.000,0.000,0.000,0.000,0.000,0.000,0.000,0.000,0.000,0.000,0.000,0.000,0.000,0.000,0.000,0.000,0.000,0.000,0.000,0.000,0.000,0.000,0.000,0.000,0.000,0.000,0.000,0.000,0.000,0.000,0.000,0.000,0.000,0.000,0.000,0.000,0.000,0.000,0.000,0.000,0.000,0.000,0.000,0.000,0.000,0.000,0.000,0.000,0.000,0.000,0.000,0.000,0.000,0.000,0.000,0.000,0.000,0.000,0.000,0.000,0.000,0.000,0.000,0.000,0.000,0.000,0.000,0.000,0.000,0.000,0.000,0.000,0.000,0.000,0.000,0.000,0.000,0.000,0.000,0.000,0.000,0.000,0.000,0.000,0.000,0.000,0.000,0.000,0.000,0.000,0.000,0.000,0.000,0.000,0.000,0.000,0.000,0.000,0.000,0.000,0.000,0.000,0.000,0.000,0.000,0.000,0.000,0.000,0.000,0.000,0.000,0.000,0.000,0.000,0.000,0.000,0.000,0.000,0.000,0.000,0.000,0.000,0.000,0.000,0.000,0.000,0.000,0.000,0.000,0.000,0.000,0.000,0.000,0.000,0.000,0.000,0.000,0.000,0.000,0.000,0.000,0.000,0.000,0.000,0.000,0.000,0.000,0.000,0.000,0.000,0.000,0.000,0.000,0.000,0.000,0.000,0.000,0.000,0.000,0.000,0.000,0.000,0.000,0.000,0.000,0.000,0.000,0.000,0.000,0.000,0.000,0.000,0.000,0.000,0.000,0.000,0.000,0.000,0.000,0.000,0.000,0.000,0.000,0.000,0.000,0.000,0.000,0.000,0.000,0.000,0.000,0.000,0.000,0.000,0.000,0.000,0.000,0.000,0.000,0.000,0.000,0.000,0.000,0.000,0.000,0.000,0.000,0.000,0.000,0.000,0.000,0.000,0.000,0.000,0.000,0.000,0.000,0.000,0.000,0.000,0.000,0.000,0.000,0.000,0.000,0.000,0.000,0.000,0.000,0.000,0.000,0.000,0.000,0.000,0.000,0.000,0.000,0.000,0.000,0.000,0.000,0.000,0.000,0.000,0.000,0.000,0.000,0.000,0.000,0.000,0.000,0.000,0.000,0.000,0.000,0.000,0.000,0.000,0.000,0.000,0.000,0.000,0.000,0.000,0.000,0.000,0.000,0.000,0.000,0.000,0.000,0.000,0.000,0.000,0.000,0.000,0.000,0.000,0.000,0.000,0.000,0.000,0.000,0.000
TWN.OffRgn3,TWNZF2,Zone Supply(GWh),0.0,0.000,0.000,0.000,0.000,0.000,0.000,0.000,0.000,0.000,0.000,0.000,0.000,0.000,0.000,0.000,0.000,0.000,0.000,0.000,0.000,0.000,0.000,0.000,0.000,0.000,0.000,0.000,0.000,0.000,0.000,0.000,0.000,0.000,0.000,0.000,0.000,0.000,0.000,0.000,0.000,0.000,0.000,0.000,0.000,0.000,0.000,0.000,0.000,0.000,0.000,0.000,0.000,0.000,0.000,0.000,0.000,0.000,0.000,0.000,0.000,0.000,0.000,0.000,0.000,0.000,0.000,0.000,0.000,0.000,0.000,0.000,0.000,0.000,0.000,0.000,0.000,0.000,0.000,0.000,0.000,0.000,0.000,0.000,0.000,0.000,0.000,0.000,0.000,0.000,0.000,0.000,0.000,0.000,0.000,0.000,0.000,0.000,0.000,0.000,0.000,0.000,0.000,0.000,0.000,0.000,0.000,0.000,0.000,0.000,0.000,0.000,0.000,0.000,0.000,0.000,0.000,0.000,0.000,0.000,0.000,0.000,0.000,0.000,0.000,0.000,0.000,0.000,0.000,0.000,0.000,0.000,0.000,0.000,0.000,0.000,0.000,0.000,0.000,0.000,0.000,0.000,0.000,0.000,0.000,0.000,0.000,0.000,0.000,0.000,0.000,0.000,0.000,0.000,0.000,0.000,0.000,0.000,0.000,0.000,0.000,0.000,0.000,0.000,0.000,0.000,0.000,0.000,0.000,0.000,0.000,0.000,0.000,0.000,0.000,0.000,0.000,0.000,0.000,0.000,0.000,0.000,0.000,0.000,0.000,0.000,0.000,0.000,0.000,0.000,0.000,0.000,0.000,0.000,0.000,0.000,0.000,0.000,0.000,0.000,0.000,0.000,0.000,0.000,0.000,0.000,0.000,0.000,0.000,0.000,0.000,0.000,0.000,0.000,0.000,0.000,0.000,0.000,0.000,0.000,0.000,0.000,0.000,0.000,0.000,0.000,0.000,0.000,0.000,0.000,0.000,0.000,0.000,0.000,0.000,0.000,0.000,0.000,0.000,0.000,0.000,0.000,0.000,0.000,0.000,0.000,0.000,0.000,0.000,0.000,0.000,0.000,0.000,0.000,0.000,0.000,0.000,0.000,0.000,0.000,0.000,0.000,0.000,0.000,0.000,0.000,0.000,0.000,0.000,0.000,0.000,0.000,0.000,0.000,0.000,0.000,0.000,0.000,0.000,0.000,0.000,0.000,0.000,0.000,0.000,0.000,0.000,0.000,0.000
TWN.OffRgn3,TWNZF2,Curtailment(GWh),0.0,0.000,0.000,0.000,0.000,0.000,0.000,0.000,0.000,0.000,0.000,0.000,0.000,0.000,0.000,0.000,0.000,0.000,0.000,0.000,0.000,0.000,0.000,0.000,0.000,0.000,0.000,0.000,0.000,0.000,0.000,0.000,0.000,0.000,0.000,0.000,0.000,0.000,0.000,0.000,0.000,0.000,0.000,0.000,0.000,0.000,0.000,0.000,0.000,0.000,0.000,0.000,0.000,0.000,0.000,0.000,0.000,0.000,0.000,0.000,0.000,0.000,0.000,0.000,0.000,0.000,0.000,0.000,0.000,0.000,0.000,0.000,0.000,0.000,0.000,0.000,0.000,0.000,0.000,0.000,0.000,0.000,0.000,0.000,0.000,0.000,0.000,0.000,0.000,0.000,0.000,0.000,0.000,0.000,0.000,0.000,0.000,0.000,0.000,0.000,0.000,0.000,0.000,0.000,0.000,0.000,0.000,0.000,0.000,0.000,0.000,0.000,0.000,0.000,0.000,0.000,0.000,0.000,0.000,0.000,0.000,0.000,0.000,0.000,0.000,0.000,0.000,0.000,0.000,0.000,0.000,0.000,0.000,0.000,0.000,0.000,0.000,0.000,0.000,0.000,0.000,0.000,0.000,0.000,0.000,0.000,0.000,0.000,0.000,0.000,0.000,0.000,0.000,0.000,0.000,0.000,0.000,0.000,0.000,0.000,0.000,0.000,0.000,0.000,0.000,0.000,0.000,0.000,0.000,0.000,0.000,0.000,0.000,0.000,0.000,0.000,0.000,0.000,0.000,0.000,0.000,0.000,0.000,0.000,0.000,0.000,0.000,0.000,0.000,0.000,0.000,0.000,0.000,0.000,0.000,0.000,0.000,0.000,0.000,0.000,0.000,0.000,0.000,0.000,0.000,0.000,0.000,0.000,0.000,0.000,0.000,0.000,0.000,0.000,0.000,0.000,0.000,0.000,0.000,0.000,0.000,0.000,0.000,0.000,0.000,0.000,0.000,0.000,0.000,0.000,0.000,0.000,0.000,0.000,0.000,0.000,0.000,0.000,0.000,0.000,0.000,0.000,0.000,0.000,0.000,0.000,0.000,0.000,0.000,0.000,0.000,0.000,0.000,0.000,0.000,0.000,0.000,0.000,0.000,0.000,0.000,0.000,0.000,0.000,0.000,0.000,0.000,0.000,0.000,0.000,0.000,0.000,0.000,0.000,0.000,0.000,0.000,0.000,0.000,0.000,0.000,0.000,0.000,0.000,0.000,0.000,0.000,0.000,0.000
TWN.OffRgn3,TWNZF2,Export to: TWNZ1,0.0,0.000,0.000,0.000,0.000,0.000,0.000,0.000,0.000,0.000,0.000,0.000,0.000,0.000,0.000,0.000,0.000,0.000,0.000,0.000,0.000,0.000,0.000,0.000,0.000,0.000,0.000,0.000,0.000,0.000,0.000,0.000,0.000,0.000,0.000,0.000,0.000,0.000,0.000,0.000,0.000,0.000,0.000,0.000,0.000,0.000,0.000,0.000,0.000,0.000,0.000,0.000,0.000,0.000,0.000,0.000,0.000,0.000,0.000,0.000,0.000,0.000,0.000,0.000,0.000,0.000,0.000,0.000,0.000,0.000,0.000,0.000,0.000,0.000,0.000,0.000,0.000,0.000,0.000,0.000,0.000,0.000,0.000,0.000,0.000,0.000,0.000,0.000,0.000,0.000,0.000,0.000,0.000,0.000,0.000,0.000,0.000,0.000,0.000,0.000,0.000,0.000,0.000,0.000,0.000,0.000,0.000,0.000,0.000,0.000,0.000,0.000,0.000,0.000,0.000,0.000,0.000,0.000,0.000,0.000,0.000,0.000,0.000,0.000,0.000,0.000,0.000,0.000,0.000,0.000,0.000,0.000,0.000,0.000,0.000,0.000,0.000,0.000,0.000,0.000,0.000,0.000,0.000,0.000,0.000,0.000,0.000,0.000,0.000,0.000,0.000,0.000,0.000,0.000,0.000,0.000,0.000,0.000,0.000,0.000,0.000,0.000,0.000,0.000,0.000,0.000,0.000,0.000,0.000,0.000,0.000,0.000,0.000,0.000,0.000,0.000,0.000,0.000,0.000,0.000,0.000,0.000,0.000,0.000,0.000,0.000,0.000,0.000,0.000,0.000,0.000,0.000,0.000,0.000,0.000,0.000,0.000,0.000,0.000,0.000,0.000,0.000,0.000,0.000,0.000,0.000,0.000,0.000,0.000,0.000,0.000,0.000,0.000,0.000,0.000,0.000,0.000,0.000,0.000,0.000,0.000,0.000,0.000,0.000,0.000,0.000,0.000,0.000,0.000,0.000,0.000,0.000,0.000,0.000,0.000,0.000,0.000,0.000,0.000,0.000,0.000,0.000,0.000,0.000,0.000,0.000,0.000,0.000,0.000,0.000,0.000,0.000,0.000,0.000,0.000,0.000,0.000,0.000,0.000,0.000,0.000,0.000,0.000,0.000,0.000,0.000,0.000,0.000,0.000,0.000,0.000,0.000,0.000,0.000,0.000,0.000,0.000,0.000,0.000,0.000,0.000,0.000,0.000,0.000,0.000,0.000,0.000,0.000,0.000
TWN.OffRgn4,TWNZF3,Zone Supply(GWh),0.0,0.000,0.000,0.000,0.000,0.000,0.000,0.000,0.000,0.000,0.000,0.000,0.000,0.000,0.000,0.000,0.000,0.000,0.000,0.000,0.000,0.000,0.000,0.000,0.000,0.000,0.000,0.000,0.000,0.000,0.000,0.000,0.000,0.000,0.000,0.000,0.000,0.000,0.000,0.000,0.000,0.000,0.000,0.000,0.000,0.000,0.000,0.000,0.000,0.000,0.000,0.000,0.000,0.000,0.000,0.000,0.000,0.000,0.000,0.000,0.000,0.000,0.000,0.000,0.000,0.000,0.000,0.000,0.000,0.000,0.000,0.000,0.000,0.000,0.000,0.000,0.000,0.000,0.000,0.000,0.000,0.000,0.000,0.000,0.000,0.000,0.000,0.000,0.000,0.000,0.000,0.000,0.000,0.000,0.000,0.000,0.000,0.000,0.000,0.000,0.000,0.000,0.000,0.000,0.000,0.000,0.000,0.000,0.000,0.000,0.000,0.000,0.000,0.000,0.000,0.000,0.000,0.000,0.000,0.000,0.000,0.000,0.000,0.000,0.000,0.000,0.000,0.000,0.000,0.000,0.000,0.000,0.000,0.000,0.000,0.000,0.000,0.000,0.000,0.000,0.000,0.000,0.000,0.000,0.000,0.000,0.000,0.000,0.000,0.000,0.000,0.000,0.000,0.000,0.000,0.000,0.000,0.000,0.000,0.000,0.000,0.000,0.000,0.000,0.000,0.000,0.000,0.000,0.000,0.000,0.000,0.000,0.000,0.000,0.000,0.000,0.000,0.000,0.000,0.000,0.000,0.000,0.000,0.000,0.000,0.000,0.000,0.000,0.000,0.000,0.000,0.000,0.000,0.000,0.000,0.000,0.000,0.000,0.000,0.000,0.000,0.000,0.000,0.000,0.000,0.000,0.000,0.000,0.000,0.000,0.000,0.000,0.000,0.000,0.000,0.000,0.000,0.000,0.000,0.000,0.000,0.000,0.000,0.000,0.000,0.000,0.000,0.000,0.000,0.000,0.000,0.000,0.000,0.000,0.000,0.000,0.000,0.000,0.000,0.000,0.000,0.000,0.000,0.000,0.000,0.000,0.000,0.000,0.000,0.000,0.000,0.000,0.000,0.000,0.000,0.000,0.000,0.000,0.000,0.000,0.000,0.000,0.000,0.000,0.000,0.000,0.000,0.000,0.000,0.000,0.000,0.000,0.000,0.000,0.000,0.000,0.000,0.000,0.000,0.000,0.000,0.000,0.000,0.000,0.000,0.000,0.000,0.000,0.000
TWN.OffRgn4,TWNZF3,Curtailment(GWh),0.0,0.000,0.000,0.000,0.000,0.000,0.000,0.000,0.000,0.000,0.000,0.000,0.000,0.000,0.000,0.000,0.000,0.000,0.000,0.000,0.000,0.000,0.000,0.000,0.000,0.000,0.000,0.000,0.000,0.000,0.000,0.000,0.000,0.000,0.000,0.000,0.000,0.000,0.000,0.000,0.000,0.000,0.000,0.000,0.000,0.000,0.000,0.000,0.000,0.000,0.000,0.000,0.000,0.000,0.000,0.000,0.000,0.000,0.000,0.000,0.000,0.000,0.000,0.000,0.000,0.000,0.000,0.000,0.000,0.000,0.000,0.000,0.000,0.000,0.000,0.000,0.000,0.000,0.000,0.000,0.000,0.000,0.000,0.000,0.000,0.000,0.000,0.000,0.000,0.000,0.000,0.000,0.000,0.000,0.000,0.000,0.000,0.000,0.000,0.000,0.000,0.000,0.000,0.000,0.000,0.000,0.000,0.000,0.000,0.000,0.000,0.000,0.000,0.000,0.000,0.000,0.000,0.000,0.000,0.000,0.000,0.000,0.000,0.000,0.000,0.000,0.000,0.000,0.000,0.000,0.000,0.000,0.000,0.000,0.000,0.000,0.000,0.000,0.000,0.000,0.000,0.000,0.000,0.000,0.000,0.000,0.000,0.000,0.000,0.000,0.000,0.000,0.000,0.000,0.000,0.000,0.000,0.000,0.000,0.000,0.000,0.000,0.000,0.000,0.000,0.000,0.000,0.000,0.000,0.000,0.000,0.000,0.000,0.000,0.000,0.000,0.000,0.000,0.000,0.000,0.000,0.000,0.000,0.000,0.000,0.000,0.000,0.000,0.000,0.000,0.000,0.000,0.000,0.000,0.000,0.000,0.000,0.000,0.000,0.000,0.000,0.000,0.000,0.000,0.000,0.000,0.000,0.000,0.000,0.000,0.000,0.000,0.000,0.000,0.000,0.000,0.000,0.000,0.000,0.000,0.000,0.000,0.000,0.000,0.000,0.000,0.000,0.000,0.000,0.000,0.000,0.000,0.000,0.000,0.000,0.000,0.000,0.000,0.000,0.000,0.000,0.000,0.000,0.000,0.000,0.000,0.000,0.000,0.000,0.000,0.000,0.000,0.000,0.000,0.000,0.000,0.000,0.000,0.000,0.000,0.000,0.000,0.000,0.000,0.000,0.000,0.000,0.000,0.000,0.000,0.000,0.000,0.000,0.000,0.000,0.000,0.000,0.000,0.000,0.000,0.000,0.000,0.000,0.000,0.000,0.000,0.000,0.000,0.000
TWN.OffRgn4,TWNZF3,Export to: TWNZ3,0.0,0.000,0.000,0.000,0.000,0.000,0.000,0.000,0.000,0.000,0.000,0.000,0.000,0.000,0.000,0.000,0.000,0.000,0.000,0.000,0.000,0.000,0.000,0.000,0.000,0.000,0.000,0.000,0.000,0.000,0.000,0.000,0.000,0.000,0.000,0.000,0.000,0.000,0.000,0.000,0.000,0.000,0.000,0.000,0.000,0.000,0.000,0.000,0.000,0.000,0.000,0.000,0.000,0.000,0.000,0.000,0.000,0.000,0.000,0.000,0.000,0.000,0.000,0.000,0.000,0.000,0.000,0.000,0.000,0.000,0.000,0.000,0.000,0.000,0.000,0.000,0.000,0.000,0.000,0.000,0.000,0.000,0.000,0.000,0.000,0.000,0.000,0.000,0.000,0.000,0.000,0.000,0.000,0.000,0.000,0.000,0.000,0.000,0.000,0.000,0.000,0.000,0.000,0.000,0.000,0.000,0.000,0.000,0.000,0.000,0.000,0.000,0.000,0.000,0.000,0.000,0.000,0.000,0.000,0.000,0.000,0.000,0.000,0.000,0.000,0.000,0.000,0.000,0.000,0.000,0.000,0.000,0.000,0.000,0.000,0.000,0.000,0.000,0.000,0.000,0.000,0.000,0.000,0.000,0.000,0.000,0.000,0.000,0.000,0.000,0.000,0.000,0.000,0.000,0.000,0.000,0.000,0.000,0.000,0.000,0.000,0.000,0.000,0.000,0.000,0.000,0.000,0.000,0.000,0.000,0.000,0.000,0.000,0.000,0.000,0.000,0.000,0.000,0.000,0.000,0.000,0.000,0.000,0.000,0.000,0.000,0.000,0.000,0.000,0.000,0.000,0.000,0.000,0.000,0.000,0.000,0.000,0.000,0.000,0.000,0.000,0.000,0.000,0.000,0.000,0.000,0.000,0.000,0.000,0.000,0.000,0.000,0.000,0.000,0.000,0.000,0.000,0.000,0.000,0.000,0.000,0.000,0.000,0.000,0.000,0.000,0.000,0.000,0.000,0.000,0.000,0.000,0.000,0.000,0.000,0.000,0.000,0.000,0.000,0.000,0.000,0.000,0.000,0.000,0.000,0.000,0.000,0.000,0.000,0.000,0.000,0.000,0.000,0.000,0.000,0.000,0.000,0.000,0.000,0.000,0.000,0.000,0.000,0.000,0.000,0.000,0.000,0.000,0.000,0.000,0.000,0.000,0.000,0.000,0.000,0.000,0.000,0.000,0.000,0.000,0.000,0.000,0.000,0.000,0.000,0.000,0.000,0.000,0.000
