Zone Code,ZoneID,Technology,Item,Installed Capacity(MW),M[12][1][2]H[0][1][2],M[12][1][2]H[3][4][5],M[12][1][2]H[6][7][8],M[12][1][2]H[9][10][11],M[12][1][2]H[12][13][14],M[12][1][2]H[15][16][17],M[12][1][2]H[18][19][20],M[12][1][2]H[21][22][23],M[3][4][5]H[0][1][2],M[3][4][5]H[3][4][5],M[3][4][5]H[6][7][8],M[3][4][5]H[9][10][11],M[3][4][5]H[12][13][14],M[3][4][5]H[15][16][17],M[3][4][5]H[18][19][20],M[3][4][5]H[21][22][23],M[6][7][8]H[0][1][2],M[6][7][8]H[3][4][5],M[6][7][8]H[6][7][8],M[6][7][8]H[9][10][11],M[6][7][8]H[12][13][14],M[6][7][8]H[15][16][17],M[6][7][8]H[18][19][20],M[6][7][8]H[21][22][23],M[9][10][11]H[0][1][2],M[9][10][11]H[3][4][5],M[9][10][11]H[6][7][8],M[9][10][11]H[9][10][11],M[9][10][11]H[12][13][14],M[9][10][11]H[15][16][17],M[9][10][11]H[18][19][20],M[9][10][11]H[21][22][23]
TWN.Central,TWNZ0,COA_SUB,Gross Output,650.6,0.00,0.00,0.00,0.00,0.00,0.00,0.00,0.00,0.00,0.00,0.00,0.00,0.00,0.00,0.00,0.00,0.00,0.00,0.00,10.54,10.54,0.00,0.00,0.00,0.00,0.00,0.00,0.00,0.00,0.00,0.00,0.00
TWN.Central,TWNZ0,COA_SUB,Net Output,650.6,0.00,0.00,0.00,0.00,0.00,0.00,0.00,0.00,0.00,0.00,0.00,0.00,0.00,0.00,0.00,0.00,0.00,0.00,0.00,9.80,9.80,0.00,0.00,0.00,0.00,0.00,0.00,0.00,0.00,0.00,0.00,0.00
TWN.Central,TWNZ0,COA_SUB,AS T1,,0.00,0.00,0.00,0.00,0.00,0.00,0.00,0.00,0.00,0.00,0.00,0.00,0.00,0.00,0.00,0.00,0.00,0.00,0.00,5.27,5.27,0.00,0.00,0.00,0.00,0.00,0.00,0.00,0.00,0.00,0.00,0.00
TWN.Central,TWNZ0,COA_SUB,AS T2,,0.00,0.00,0.00,0.00,0.00,0.00,0.00,0.00,0.00,0.00,0.00,0.00,0.00,0.00,0.00,0.00,0.00,0.00,0.00,0.00,0.00,0.00,0.00,0.00,0.00,0.00,0.00,0.00,0.00,0.00,0.00,0.00
TWN.Central,TWNZ0,COA_SUB,AS T3,,0.00,0.00,0.00,0.00,0.00,0.00,0.00,0.00,0.00,0.00,0.00,0.00,0.00,0.00,0.00,0.00,0.00,0.00,0.00,0.00,15.81,0.00,0.00,0.00,0.00,0.00,0.00,0.00,0.00,0.00,0.00,0.00
TWN.Central,TWNZ0,COA_SC,Gross Output,5500.0,0.00,0.00,0.00,2580.03,2841.67,0.00,0.00,0.00,0.00,0.00,2.79,2591.25,3105.18,0.00,0.00,0.00,6.52,61.70,75.21,4905.45,4905.45,89.10,0.00,0.00,0.00,12.22,17.51,3377.45,3249.15,0.00,0.00,0.00
TWN.Central,TWNZ0,COA_SC,Net Output,5500.0,0.00,0.00,0.00,2399.43,2642.76,0.00,0.00,0.00,0.00,0.00,2.59,2409.86,2887.81,0.00,0.00,0.00,6.06,57.38,69.94,4562.07,4562.07,82.86,0.00,0.00,0.00,11.37,16.28,3141.03,3021.71,0.00,0.00,0.00
TWN.Central,TWNZ0,COA_SC,AS T1,,0.00,0.00,0.00,0.00,0.00,0.00,0.00,0.00,0.00,0.00,1.39,44.55,44.55,0.00,0.00,0.00,3.26,30.85,37.60,44.55,44.55,44.55,0.00,0.00,0.00,6.11,8.75,44.55,44.55,0.00,0.00,0.00
TWN.Central,TWNZ0,COA_SC,AS T2,,0.00,0.00,0.00,0.00,0.00,0.00,0.00,0.00,0.00,0.00,0.00,0.00,0.00,0.00,0.00,0.00,0.00,0.00,0.00,0.00,0.00,0.00,0.00,0.00,0.00,18.33,0.00,298.19,0.00,0.00,0.00,0.00
TWN.Central,TWNZ0,COA_SC,AS T3,,0.00,0.00,0.00,0.00,0.00,0.00,0.00,0.00,0.00,0.00,0.00,0.00,0.00,0.00,0.00,0.00,0.00,0.00,112.81,0.00,0.00,0.00,0.00,0.00,0.00,0.00,0.00,0.00,0.00,0.00,0.00,0.00
TWN.Central,TWNZ0,GAS_OCGT,Gross Output,824.9,0.00,0.00,0.00,0.00,0.00,0.00,0.00,0.00,0.00,0.00,0.00,0.00,0.00,0.00,0.00,0.00,0.00,0.00,0.00,0.00,0.00,0.00,0.00,0.00,0.00,0.00,0.00,0.00,0.00,0.00,0.00,0.00
TWN.Central,TWNZ0,GAS_OCGT,Net Output,824.9,0.00,0.00,0.00,0.00,0.00,0.00,0.00,0.00,0.00,0.00,0.00,0.00,0.00,0.00,0.00,0.00,0.00,0.00,0.00,0.00,0.00,0.00,0.00,0.00,0.00,0.00,0.00,0.00,0.00,0.00,0.00,0.00
TWN.Central,TWNZ0,GAS_OCGT,AS T1,,0.00,0.00,0.00,0.00,0.00,0.00,0.00,0.00,0.00,0.00,0.00,0.00,0.00,0.00,0.00,0.00,0.00,0.00,0.00,0.00,0.00,0.00,0.00,0.00,0.00,0.00,0.00,0.00,0.00,0.00,0.00,0.00
TWN.Central,TWNZ0,GAS_OCGT,AS T2,,0.00,0.00,0.00,0.00,0.00,0.00,0.00,0.00,0.00,0.00,0.00,0.00,287.12,0.00,226.68,0.00,0.00,324.77,327.23,317.97,306.05,264.63,246.98,0.00,276.67,281.69,299.78,0.00,290.09,0.00,231.58,0.00
TWN.Central,TWNZ0,GAS_OCGT,AS T3,,258.06,267.42,265.40,272.39,270.19,232.99,212.85,229.50,276.42,293.92,295.31,293.77,283.55,249.77,229.02,245.90,297.18,324.77,217.65,321.19,290.24,267.85,246.98,263.82,279.56,300.03,302.67,301.07,290.09,251.98,231.58,248.35
TWN.Central,TWNZ0,GAS_CCGT,Gross Output,490.0,0.00,0.00,0.00,0.00,0.00,0.00,0.00,0.00,0.00,0.00,0.00,15.69,2.39,0.00,0.00,0.00,0.00,0.00,0.00,431.08,431.08,0.00,0.00,0.00,0.00,0.00,0.00,19.84,8.31,0.00,0.00,0.00
TWN.Central,TWNZ0,GAS_CCGT,Net Output,490.0,0.00,0.00,0.00,0.00,0.00,0.00,0.00,0.00,0.00,0.00,0.00,14.59,2.22,0.00,0.00,0.00,0.00,0.00,0.00,400.90,400.90,0.00,0.00,0.00,0.00,0.00,0.00,18.46,7.73,0.00,0.00,0.00
TWN.Central,TWNZ0,GAS_CCGT,AS T1,,0.00,0.00,0.00,0.00,0.00,0.00,0.00,0.00,0.00,0.00,0.00,7.84,1.19,0.00,0.00,0.00,0.00,0.00,0.00,9.92,9.92,0.00,0.00,0.00,0.00,0.00,0.00,9.92,4.15,0.00,0.00,0.00
TWN.Central,TWNZ0,GAS_CCGT,AS T2,,0.00,0.00,0.00,0.00,0.00,0.00,0.00,0.00,0.00,0.00,0.00,0.00,0.00,0.00,0.00,0.00,0.00,0.00,0.00,0.00,0.00,0.00,0.00,0.00,0.00,0.00,0.00,0.00,0.00,0.00,0.00,0.00
TWN.Central,TWNZ0,GAS_CCGT,AS T3,,0.00,0.00,0.00,0.00,0.00,0.00,0.00,0.00,0.00,0.00,0.00,0.00,3.58,0.00,0.00,0.00,0.00,0.00,0.00,0.00,0.00,0.00,0.00,0.00,0.00,0.00,0.00,0.00,0.00,0.00,0.00,0.00
TWN.Central,TWNZ0,OIL_ST,Gross Output,0.0,0.00,0.00,0.00,0.00,0.00,0.00,0.00,0.00,0.00,0.00,0.00,0.00,0.00,0.00,0.00,0.00,0.00,0.00,0.00,0.00,0.00,0.00,0.00,0.00,0.00,0.00,0.00,0.00,0.00,0.00,0.00,0.00
TWN.Central,TWNZ0,OIL_ST,Net Output,0.0,0.00,0.00,0.00,0.00,0.00,0.00,0.00,0.00,0.00,0.00,0.00,0.00,0.00,0.00,0.00,0.00,0.00,0.00,0.00,0.00,0.00,0.00,0.00,0.00,0.00,0.00,0.00,0.00,0.00,0.00,0.00,0.00
TWN.Central,TWNZ0,OIL_ST,AS T1,,0.00,0.00,0.00,0.00,0.00,0.00,0.00,0.00,0.00,0.00,0.00,0.00,0.00,0.00,0.00,0.00,0.00,0.00,0.00,0.00,0.00,0.00,0.00,0.00,0.00,0.00,0.00,0.00,0.00,0.00,0.00,0.00
TWN.Central,TWNZ0,OIL_ST,AS T2,,0.00,0.00,0.00,0.00,0.00,0.00,0.00,0.00,0.00,0.00,0.00,0.00,0.00,0.00,0.00,0.00,0.00,0.00,0.00,0.00,0.00,0.00,0.00,0.00,0.00,0.00,0.00,0.00,0.00,0.00,0.00,0.00
TWN.Central,TWNZ0,OIL_ST,AS T3,,0.00,0.00,0.00,0.00,0.00,0.00,0.00,0.00,0.00,0.00,0.00,0.00,0.00,0.00,0.00,0.00,0.00,0.00,0.00,0.00,0.00,0.00,0.00,0.00,0.00,0.00,0.00,0.00,0.00,0.00,0.00,0.00
TWN.Central,TWNZ0,BIO_ST,Gross Output,0.0,0.00,0.00,0.00,0.00,0.00,0.00,0.00,0.00,0.00,0.00,0.00,0.00,0.00,0.00,0.00,0.00,0.00,0.00,0.00,0.00,0.00,0.00,0.00,0.00,0.00,0.00,0.00,0.00,0.00,0.00,0.00,0.00
TWN.Central,TWNZ0,BIO_ST,Net Output,0.0,0.00,0.00,0.00,0.00,0.00,0.00,0.00,0.00,0.00,0.00,0.00,0.00,0.00,0.00,0.00,0.00,0.00,0.00,0.00,0.00,0.00,0.00,0.00,0.00,0.00,0.00,0.00,0.00,0.00,0.00,0.00,0.00
TWN.Central,TWNZ0,BIO_ST,AS T1,,0.00,0.00,0.00,0.00,0.00,0.00,0.00,0.00,0.00,0.00,0.00,0.00,0.00,0.00,0.00,0.00,0.00,0.00,0.00,0.00,0.00,0.00,0.00,0.00,0.00,0.00,0.00,0.00,0.00,0.00,0.00,0.00
TWN.Central,TWNZ0,BIO_ST,AS T2,,0.00,0.00,0.00,0.00,0.00,0.00,0.00,0.00,0.00,0.00,0.00,0.00,0.00,0.00,0.00,0.00,0.00,0.00,0.00,0.00,0.00,0.00,0.00,0.00,0.00,0.00,0.00,0.00,0.00,0.00,0.00,0.00
TWN.Central,TWNZ0,BIO_ST,AS T3,,0.00,0.00,0.00,0.00,0.00,0.00,0.00,0.00,0.00,0.00,0.00,0.00,0.00,0.00,0.00,0.00,0.00,0.00,0.00,0.00,0.00,0.00,0.00,0.00,0.00,0.00,0.00,0.00,0.00,0.00,0.00,0.00
TWN.Central,TWNZ0,COA_USC,Gross Output,2248.6,2023.72,2023.72,2023.72,2023.72,2023.72,2023.72,2023.72,2023.72,1996.40,1682.00,1996.40,1996.40,1996.40,1996.40,2008.77,1996.40,1996.40,1996.40,1996.40,1996.40,1996.40,2014.48,1996.40,1996.40,1996.40,1996.40,1996.40,1996.40,1996.40,1996.40,2006.21,1996.40
TWN.Central,TWNZ0,COA_USC,Net Output,2248.6,1882.06,1882.06,1882.06,1882.06,1882.06,1882.06,1882.06,1882.06,1856.65,1564.26,1856.65,1856.65,1856.65,1856.65,1868.15,1856.65,1856.65,1856.65,1856.65,1856.65,1856.65,1873.47,1856.65,1856.65,1856.65,1856.65,1856.65,1856.65,1856.65,1856.65,1865.77,1856.65
TWN.Central,TWNZ0,COA_USC,AS T1,,0.00,0.00,0.00,0.00,0.00,0.00,0.00,0.00,27.32,27.32,27.32,27.32,27.32,27.32,14.96,27.32,27.32,27.32,27.32,27.32,27.32,9.24,27.32,27.32,27.32,27.32,27.32,27.32,27.32,27.32,17.52,27.32
TWN.Central,TWNZ0,COA_USC,AS T2,,0.00,0.00,0.00,0.00,0.00,0.00,0.00,0.00,0.00,0.00,0.00,0.00,0.00,0.00,0.00,0.00,0.00,0.00,0.00,0.00,0.00,0.00,0.00,0.00,0.00,0.00,0.00,0.00,0.00,0.00,0.00,0.00
TWN.Central,TWNZ0,COA_USC,AS T3,,0.00,0.00,0.00,0.00,0.00,0.00,0.00,0.00,0.00,0.00,0.00,0.00,0.00,0.00,0.00,0.00,0.00,0.00,0.00,0.00,0.00,0.00,0.00,0.00,0.00,0.00,0.00,0.00,0.00,0.00,0.00,0.00
TWN.East,TWNZ1,COA_SUB,Gross Output,117.2,0.00,0.00,0.00,0.00,0.00,0.00,0.00,0.00,0.00,0.00,0.00,0.00,0.00,0.00,0.00,0.00,0.00,1.19,1.90,104.53,1.90,0.00,0.00,0.00,0.00,0.00,0.00,0.00,0.00,0.00,0.00,0.00
TWN.East,TWNZ1,COA_SUB,Net Output,117.2,0.00,0.00,0.00,0.00,0.00,0.00,0.00,0.00,0.00,0.00,0.00,0.00,0.00,0.00,0.00,0.00,0.00,1.11,1.77,97.21,1.77,0.00,0.00,0.00,0.00,0.00,0.00,0.00,0.00,0.00,0.00,0.00
TWN.East,TWNZ1,COA_SUB,AS T1,,0.00,0.00,0.00,0.00,0.00,0.00,0.00,0.00,0.00,0.00,0.00,0.00,0.00,0.00,0.00,0.00,0.00,0.59,0.95,0.95,0.95,0.00,0.00,0.00,0.00,0.00,0.00,0.00,0.00,0.00,0.00,0.00
TWN.East,TWNZ1,COA_SUB,AS T2,,0.00,0.00,0.00,0.00,0.00,0.00,0.00,0.00,0.00,0.00,0.00,0.00,0.00,0.00,0.00,0.00,0.00,0.00,0.00,0.00,0.00,0.00,0.00,0.00,0.00,0.00,0.00,0.00,0.00,0.00,0.00,0.00
TWN.East,TWNZ1,COA_SUB,AS T3,,0.00,0.00,0.00,0.00,0.00,0.00,0.00,0.00,0.00,0.00,0.00,0.00,0.00,0.00,0.00,0.00,0.00,0.00,0.00,0.00,0.00,0.00,0.00,0.00,0.00,0.00,0.00,0.00,0.00,0.00,0.00,0.00
TWN.East,TWNZ1,GAS_OCGT,Gross Output,148.6,0.00,0.00,0.00,0.00,0.00,0.00,0.00,0.00,0.00,0.00,0.00,0.00,0.00,0.00,0.00,0.00,0.00,0.00,0.00,0.00,0.00,0.00,0.00,0.00,0.00,0.00,0.00,0.00,0.00,0.00,0.00,0.00
TWN.East,TWNZ1,GAS_OCGT,Net Output,148.6,0.00,0.00,0.00,0.00,0.00,0.00,0.00,0.00,0.00,0.00,0.00,0.00,0.00,0.00,0.00,0.00,0.00,0.00,0.00,0.00,0.00,0.00,0.00,0.00,0.00,0.00,0.00,0.00,0.00,0.00,0.00,0.00
TWN.East,TWNZ1,GAS_OCGT,AS T1,,0.00,0.00,0.00,0.00,0.00,0.00,0.00,0.00,0.00,0.00,0.00,0.00,0.00,0.00,0.00,0.00,0.00,0.00,0.00,0.00,0.00,0.00,0.00,0.00,0.00,0.00,0.00,0.00,0.00,0.00,0.00,0.00
TWN.East,TWNZ1,GAS_OCGT,AS T2,,0.00,0.00,0.00,0.00,0.00,0.00,0.00,0.00,45.17,0.00,0.00,0.00,0.00,44.75,41.01,39.46,0.00,59.52,0.00,0.00,55.52,0.00,38.61,0.00,50.23,0.00,54.88,48.51,0.00,0.00,35.70,44.53
TWN.East,TWNZ1,GAS_OCGT,AS T3,,45.61,0.00,46.98,0.00,47.79,41.13,0.00,0.00,49.74,53.76,0.00,0.00,0.00,44.75,0.00,0.00,0.00,0.00,60.77,58.71,55.52,48.62,44.87,0.00,0.00,0.00,41.45,54.34,52.05,0.00,0.00,0.00
TWN.East,TWNZ1,OIL_ST,Gross Output,0.0,0.00,0.00,0.00,0.00,0.00,0.00,0.00,0.00,0.00,0.00,0.00,0.00,0.00,0.00,0.00,0.00,0.00,0.00,0.00,0.00,0.00,0.00,0.00,0.00,0.00,0.00,0.00,0.00,0.00,0.00,0.00,0.00
TWN.East,TWNZ1,OIL_ST,Net Output,0.0,0.00,0.00,0.00,0.00,0.00,0.00,0.00,0.00,0.00,0.00,0.00,0.00,0.00,0.00,0.00,0.00,0.00,0.00,0.00,0.00,0.00,0.00,0.00,0.00,0.00,0.00,0.00,0.00,0.00,0.00,0.00,0.00
TWN.East,TWNZ1,OIL_ST,AS T1,,0.00,0.00,0.00,0.00,0.00,0.00,0.00,0.00,0.00,0.00,0.00,0.00,0.00,0.00,0.00,0.00,0.00,0.00,0.00,0.00,0.00,0.00,0.00,0.00,0.00,0.00,0.00,0.00,0.00,0.00,0.00,0.00
TWN.East,TWNZ1,OIL_ST,AS T2,,0.00,0.00,0.00,0.00,0.00,0.00,0.00,0.00,0.00,0.00,0.00,0.00,0.00,0.00,0.00,0.00,0.00,0.00,0.00,0.00,0.00,0.00,0.00,0.00,0.00,0.00,0.00,0.00,0.00,0.00,0.00,0.00
TWN.East,TWNZ1,OIL_ST,AS T3,,0.00,0.00,0.00,0.00,0.00,0.00,0.00,0.00,0.00,0.00,0.00,0.00,0.00,0.00,0.00,0.00,0.00,0.00,0.00,0.00,0.00,0.00,0.00,0.00,0.00,0.00,0.00,0.00,0.00,0.00,0.00,0.00
TWN.East,TWNZ1,BIO_ST,Gross Output,0.0,0.00,0.00,0.00,0.00,0.00,0.00,0.00,0.00,0.00,0.00,0.00,0.00,0.00,0.00,0.00,0.00,0.00,0.00,0.00,0.00,0.00,0.00,0.00,0.00,0.00,0.00,0.00,0.00,0.00,0.00,0.00,0.00
TWN.East,TWNZ1,BIO_ST,Net Output,0.0,0.00,0.00,0.00,0.00,0.00,0.00,0.00,0.00,0.00,0.00,0.00,0.00,0.00,0.00,0.00,0.00,0.00,0.00,0.00,0.00,0.00,0.00,0.00,0.00,0.00,0.00,0.00,0.00,0.00,0.00,0.00,0.00
TWN.East,TWNZ1,BIO_ST,AS T1,,0.00,0.00,0.00,0.00,0.00,0.00,0.00,0.00,0.00,0.00,0.00,0.00,0.00,0.00,0.00,0.00,0.00,0.00,0.00,0.00,0.00,0.00,0.00,0.00,0.00,0.00,0.00,0.00,0.00,0.00,0.00,0.00
TWN.East,TWNZ1,BIO_ST,AS T2,,0.00,0.00,0.00,0.00,0.00,0.00,0.00,0.00,0.00,0.00,0.00,0.00,0.00,0.00,0.00,0.00,0.00,0.00,0.00,0.00,0.00,0.00,0.00,0.00,0.00,0.00,0.00,0.00,0.00,0.00,0.00,0.00
TWN.East,TWNZ1,BIO_ST,AS T3,,0.00,0.00,0.00,0.00,0.00,0.00,0.00,0.00,0.00,0.00,0.00,0.00,0.00,0.00,0.00,0.00,0.00,0.00,0.00,0.00,0.00,0.00,0.00,0.00,0.00,0.00,0.00,0.00,0.00,0.00,0.00,0.00
TWN.East,TWNZ1,COA_USC,Gross Output,392.9,0.00,0.00,0.00,353.57,353.57,353.57,353.57,353.57,0.00,0.00,8.95,349.10,350.66,353.57,187.47,0.00,8.95,8.95,349.10,349.10,349.10,353.57,302.02,87.69,3.21,0.00,8.95,349.10,350.14,282.63,132.84,83.12
TWN.East,TWNZ1,COA_USC,Net Output,392.9,0.00,0.00,0.00,328.82,328.82,328.82,328.82,328.82,0.00,0.00,8.33,324.66,326.11,328.82,174.35,0.00,8.33,8.33,324.66,324.66,324.66,328.82,280.88,81.55,2.99,0.00,8.33,324.66,325.63,262.85,123.54,77.30
TWN.East,TWNZ1,COA_USC,AS T1,,0.00,0.00,0.00,0.00,0.00,0.00,0.00,0.00,0.00,0.00,4.48,4.48,2.91,0.00,0.00,0.00,4.48,4.48,4.48,4.48,4.48,0.00,0.00,0.00,1.61,0.00,4.48,4.48,3.43,0.00,4.48,4.48
TWN.East,TWNZ1,COA_USC,AS T2,,0.00,0.00,0.00,0.00,0.00,0.00,0.00,0.00,0.00,0.00,0.00,0.00,0.00,0.00,0.00,0.00,0.00,0.00,0.00,0.00,0.00,0.00,0.00,47.88,0.00,0.00,0.00,0.00,0.00,0.00,0.00,0.00
TWN.East,TWNZ1,COA_USC,AS T3,,0.00,0.00,0.00,0.00,0.00,0.00,0.00,0.00,0.00,0.00,0.00,0.00,0.00,0.00,41.01,0.00,0.00,0.00,0.00,0.00,0.00,0.00,0.00,0.00,4.82,0.00,13.43,0.00,0.00,0.00,0.00,0.00
TWN.North,TWNZ2,COA_SUB,Gross Output,1424.1,0.00,0.00,0.00,0.00,0.00,0.00,0.00,0.00,0.00,0.00,0.00,0.00,0.00,0.00,0.00,0.00,0.00,0.00,0.00,73.72,23.07,0.00,0.00,0.00,0.00,0.00,0.00,0.00,0.00,0.00,0.00,0.00
TWN.North,TWNZ2,COA_SUB,Net Output,1424.1,0.00,0.00,0.00,0.00,0.00,0.00,0.00,0.00,0.00,0.00,0.00,0.00,0.00,0.00,0.00,0.00,0.00,0.00,0.00,68.56,21.46,0.00,0.00,0.00,0.00,0.00,0.00,0.00,0.00,0.00,0.00,0.00
TWN.North,TWNZ2,COA_SUB,AS T1,,0.00,0.00,0.00,0.00,0.00,0.00,0.00,0.00,0.00,0.00,0.00,0.00,0.00,0.00,0.00,0.00,0.00,0.00,0.00,11.54,11.54,0.00,0.00,0.00,0.00,0.00,0.00,0.00,0.00,0.00,0.00,0.00
TWN.North,TWNZ2,COA_SUB,AS T2,,0.00,0.00,0.00,0.00,0.00,0.00,0.00,0.00,0.00,0.00,0.00,0.00,0.00,0.00,0.00,0.00,0.00,0.00,0.00,0.00,0.00,0.00,0.00,0.00,0.00,0.00,0.00,0.00,0.00,0.00,0.00,0.00
TWN.North,TWNZ2,COA_SUB,AS T3,,0.00,0.00,0.00,0.00,0.00,0.00,0.00,0.00,0.00,0.00,0.00,0.00,0.00,0.00,0.00,0.00,0.00,0.00,0.00,0.00,0.00,0.00,0.00,0.00,0.00,0.00,0.00,0.00,0.00,0.00,0.00,0.00
TWN.North,TWNZ2,GAS_OCGT,Gross Output,1805.7,0.00,0.00,0.00,0.00,0.00,0.00,0.00,0.00,0.00,0.00,0.00,0.00,0.00,0.00,0.00,0.00,0.00,0.00,0.00,0.00,0.00,0.00,0.00,0.00,0.00,0.00,0.00,0.00,0.00,0.00,0.00,0.00
TWN.North,TWNZ2,GAS_OCGT,Net Output,1805.7,0.00,0.00,0.00,0.00,0.00,0.00,0.00,0.00,0.00,0.00,0.00,0.00,0.00,0.00,0.00,0.00,0.00,0.00,0.00,0.00,0.00,0.00,0.00,0.00,0.00,0.00,0.00,0.00,0.00,0.00,0.00,0.00
TWN.North,TWNZ2,GAS_OCGT,AS T1,,0.00,0.00,0.00,0.00,0.00,0.00,0.00,0.00,0.00,0.00,0.00,0.00,0.00,0.00,0.00,0.00,0.00,0.00,0.00,0.00,0.00,0.00,0.00,0.00,0.00,0.00,0.00,0.00,0.00,0.00,0.00,0.00
TWN.North,TWNZ2,GAS_OCGT,AS T2,,474.72,0.00,592.86,507.75,603.36,521.06,0.00,513.37,506.49,631.86,629.01,636.29,586.74,551.07,505.60,0.00,647.51,698.28,706.49,0.00,668.90,585.51,539.61,576.84,468.87,642.08,0.00,323.81,638.22,454.77,510.54,547.64
TWN.North,TWNZ2,GAS_OCGT,AS T3,,576.63,597.33,592.86,608.30,603.36,521.06,476.53,0.00,607.04,631.86,629.01,636.29,0.00,0.00,0.00,542.90,647.51,698.28,0.00,693.53,668.90,585.51,0.00,0.00,612.51,642.08,641.22,0.00,638.22,0.00,510.54,547.64
TWN.North,TWNZ2,GAS_CCGT,Gross Output,0.0,0.00,0.00,0.00,0.00,0.00,0.00,0.00,0.00,0.00,0.00,0.00,0.00,0.00,0.00,0.00,0.00,0.00,0.00,0.00,0.00,0.00,0.00,0.00,0.00,0.00,0.00,0.00,0.00,0.00,0.00,0.00,0.00
TWN.North,TWNZ2,GAS_CCGT,Net Output,0.0,0.00,0.00,0.00,0.00,0.00,0.00,0.00,0.00,0.00,0.00,0.00,0.00,0.00,0.00,0.00,0.00,0.00,0.00,0.00,0.00,0.00,0.00,0.00,0.00,0.00,0.00,0.00,0.00,0.00,0.00,0.00,0.00
TWN.North,TWNZ2,GAS_CCGT,AS T1,,0.00,0.00,0.00,0.00,0.00,0.00,0.00,0.00,0.00,0.00,0.00,0.00,0.00,0.00,0.00,0.00,0.00,0.00,0.00,0.00,0.00,0.00,0.00,0.00,0.00,0.00,0.00,0.00,0.00,0.00,0.00,0.00
TWN.North,TWNZ2,GAS_CCGT,AS T2,,0.00,0.00,0.00,0.00,0.00,0.00,0.00,0.00,0.00,0.00,0.00,0.00,0.00,0.00,0.00,0.00,0.00,0.00,0.00,0.00,0.00,0.00,0.00,0.00,0.00,0.00,0.00,0.00,0.00,0.00,0.00,0.00
TWN.North,TWNZ2,GAS_CCGT,AS T3,,0.00,0.00,0.00,0.00,0.00,0.00,0.00,0.00,0.00,0.00,0.00,0.00,0.00,0.00,0.00,0.00,0.00,0.00,0.00,0.00,0.00,0.00,0.00,0.00,0.00,0.00,0.00,0.00,0.00,0.00,0.00,0.00
TWN.North,TWNZ2,OIL_ST,Gross Output,0.0,0.00,0.00,0.00,0.00,0.00,0.00,0.00,0.00,0.00,0.00,0.00,0.00,0.00,0.00,0.00,0.00,0.00,0.00,0.00,0.00,0.00,0.00,0.00,0.00,0.00,0.00,0.00,0.00,0.00,0.00,0.00,0.00
TWN.North,TWNZ2,OIL_ST,Net Output,0.0,0.00,0.00,0.00,0.00,0.00,0.00,0.00,0.00,0.00,0.00,0.00,0.00,0.00,0.00,0.00,0.00,0.00,0.00,0.00,0.00,0.00,0.00,0.00,0.00,0.00,0.00,0.00,0.00,0.00,0.00,0.00,0.00
TWN.North,TWNZ2,OIL_ST,AS T1,,0.00,0.00,0.00,0.00,0.00,0.00,0.00,0.00,0.00,0.00,0.00,0.00,0.00,0.00,0.00,0.00,0.00,0.00,0.00,0.00,0.00,0.00,0.00,0.00,0.00,0.00,0.00,0.00,0.00,0.00,0.00,0.00
TWN.North,TWNZ2,OIL_ST,AS T2,,0.00,0.00,0.00,0.00,0.00,0.00,0.00,0.00,0.00,0.00,0.00,0.00,0.00,0.00,0.00,0.00,0.00,0.00,0.00,0.00,0.00,0.00,0.00,0.00,0.00,0.00,0.00,0.00,0.00,0.00,0.00,0.00
TWN.North,TWNZ2,OIL_ST,AS T3,,0.00,0.00,0.00,0.00,0.00,0.00,0.00,0.00,0.00,0.00,0.00,0.00,0.00,0.00,0.00,0.00,0.00,0.00,0.00,0.00,0.00,0.00,0.00,0.00,0.00,0.00,0.00,0.00,0.00,0.00,0.00,0.00
TWN.North,TWNZ2,NUK_LWR,Gross Output,0.0,0.00,0.00,0.00,0.00,0.00,0.00,0.00,0.00,0.00,0.00,0.00,0.00,0.00,0.00,0.00,0.00,0.00,0.00,0.00,0.00,0.00,0.00,0.00,0.00,0.00,0.00,0.00,0.00,0.00,0.00,0.00,0.00
TWN.North,TWNZ2,NUK_LWR,Net Output,0.0,0.00,0.00,0.00,0.00,0.00,0.00,0.00,0.00,0.00,0.00,0.00,0.00,0.00,0.00,0.00,0.00,0.00,0.00,0.00,0.00,0.00,0.00,0.00,0.00,0.00,0.00,0.00,0.00,0.00,0.00,0.00,0.00
TWN.North,TWNZ2,NUK_LWR,AS T1,,0,0,0,0,0,0,0,0,0,0,0,0,0,0,0,0,0,0,0,0,0,0,0,0,0,0,0,0,0,0,0,0
TWN.North,TWNZ2,NUK_LWR,AS T2,,0,0,0,0,0,0,0,0,0,0,0,0,0,0,0,0,0,0,0,0,0,0,0,0,0,0,0,0,0,0,0,0
TWN.North,TWNZ2,NUK_LWR,AS T3,,0.00,0.00,0.00,0.00,0.00,0.00,0.00,0.00,0.00,0.00,0.00,0.00,0.00,0.00,0.00,0.00,0.00,0.00,0.00,0.00,0.00,0.00,0.00,0.00,0.00,0.00,0.00,0.00,0.00,0.00,0.00,0.00
TWN.North,TWNZ2,BIO_ST,Gross Output,0.0,0.00,0.00,0.00,0.00,0.00,0.00,0.00,0.00,0.00,0.00,0.00,0.00,0.00,0.00,0.00,0.00,0.00,0.00,0.00,0.00,0.00,0.00,0.00,0.00,0.00,0.00,0.00,0.00,0.00,0.00,0.00,0.00
TWN.North,TWNZ2,BIO_ST,Net Output,0.0,0.00,0.00,0.00,0.00,0.00,0.00,0.00,0.00,0.00,0.00,0.00,0.00,0.00,0.00,0.00,0.00,0.00,0.00,0.00,0.00,0.00,0.00,0.00,0.00,0.00,0.00,0.00,0.00,0.00,0.00,0.00,0.00
TWN.North,TWNZ2,BIO_ST,AS T1,,0.00,0.00,0.00,0.00,0.00,0.00,0.00,0.00,0.00,0.00,0.00,0.00,0.00,0.00,0.00,0.00,0.00,0.00,0.00,0.00,0.00,0.00,0.00,0.00,0.00,0.00,0.00,0.00,0.00,0.00,0.00,0.00
TWN.North,TWNZ2,BIO_ST,AS T2,,0.00,0.00,0.00,0.00,0.00,0.00,0.00,0.00,0.00,0.00,0.00,0.00,0.00,0.00,0.00,0.00,0.00,0.00,0.00,0.00,0.00,0.00,0.00,0.00,0.00,0.00,0.00,0.00,0.00,0.00,0.00,0.00
TWN.North,TWNZ2,BIO_ST,AS T3,,0.00,0.00,0.00,0.00,0.00,0.00,0.00,0.00,0.00,0.00,0.00,0.00,0.00,0.00,0.00,0.00,0.00,0.00,0.00,0.00,0.00,0.00,0.00,0.00,0.00,0.00,0.00,0.00,0.00,0.00,0.00,0.00
TWN.North,TWNZ2,COA_USC,Gross Output,19181.7,13672.45,11599.91,14886.94,17263.53,17263.53,14523.63,11775.46,13196.99,13041.68,12819.20,15007.95,17263.53,17263.53,14838.20,13150.36,14234.86,16162.98,17243.80,17235.59,17260.09,17263.53,17263.53,14376.38,15676.79,14201.29,12799.70,16005.31,17263.53,17263.53,14655.31,13240.12,14249.00
TWN.North,TWNZ2,COA_USC,Net Output,19181.7,12715.38,10787.91,13844.86,16055.09,16055.09,13506.97,10951.17,12273.20,12128.76,11921.85,13957.39,16055.09,16055.09,13799.53,12229.84,13238.42,15031.57,16036.74,16029.10,16051.88,16055.09,16055.09,13370.04,14579.42,13207.20,11903.72,14884.94,16055.09,16055.09,13629.43,12313.31,13251.57
TWN.North,TWNZ2,COA_USC,AS T1,,0.00,0.00,210.22,0.00,0.00,210.22,210.22,0.00,210.22,210.22,210.22,0.00,0.00,210.22,210.22,0.00,0.00,19.73,27.94,3.44,0.00,0.00,210.22,210.22,0.00,210.22,0.00,0.00,0.00,210.22,210.22,0.00
TWN.North,TWNZ2,COA_USC,AS T2,,0.00,0.00,0.00,0.00,0.00,0.00,0.00,0.00,0.00,0.00,0.00,0.00,0.00,0.00,0.00,442.35,0.00,0.00,0.00,0.00,0.00,0.00,0.00,0.00,0.00,0.00,641.22,0.00,0.00,0.00,0.00,0.00
TWN.North,TWNZ2,COA_USC,AS T3,,0.00,0.00,0.00,0.00,0.00,0.00,0.00,513.37,0.00,0.00,0.00,0.00,0.00,0.00,505.60,0.00,0.00,0.00,0.00,0.00,0.00,0.00,0.00,0.00,0.00,0.00,0.00,0.00,0.00,0.00,0.00,0.00
TWN.South,TWNZ3,COA_SUB,Gross Output,884.7,0.00,0.00,0.00,0.00,0.00,0.00,0.00,0.00,0.00,0.00,0.00,0.00,0.00,0.00,0.00,0.00,0.00,0.00,0.00,789.06,733.67,0.00,0.00,0.00,0.00,0.00,0.00,0.00,0.00,0.00,0.00,0.00
TWN.South,TWNZ3,COA_SUB,Net Output,884.7,0.00,0.00,0.00,0.00,0.00,0.00,0.00,0.00,0.00,0.00,0.00,0.00,0.00,0.00,0.00,0.00,0.00,0.00,0.00,733.83,682.31,0.00,0.00,0.00,0.00,0.00,0.00,0.00,0.00,0.00,0.00,0.00
TWN.South,TWNZ3,COA_SUB,AS T1,,0.00,0.00,0.00,0.00,0.00,0.00,0.00,0.00,0.00,0.00,0.00,0.00,0.00,0.00,0.00,0.00,0.00,0.00,0.00,7.17,7.17,0.00,0.00,0.00,0.00,0.00,0.00,0.00,0.00,0.00,0.00,0.00
TWN.South,TWNZ3,COA_SUB,AS T2,,0.00,0.00,0.00,0.00,0.00,0.00,0.00,0.00,0.00,0.00,0.00,0.00,0.00,0.00,0.00,0.00,0.00,0.00,0.00,0.00,0.00,0.00,0.00,0.00,0.00,0.00,0.00,0.00,0.00,0.00,0.00,0.00
TWN.South,TWNZ3,COA_SUB,AS T3,,0.00,0.00,0.00,0.00,0.00,0.00,0.00,0.00,0.00,0.00,0.00,0.00,0.00,0.00,0.00,0.00,0.00,0.00,0.00,0.00,0.00,0.00,0.00,0.00,0.00,0.00,0.00,0.00,0.00,0.00,0.00,0.00
TWN.South,TWNZ3,COA_SC,Gross Output,0.0,0.00,0.00,0.00,0.00,0.00,0.00,0.00,0.00,0.00,0.00,0.00,0.00,0.00,0.00,0.00,0.00,0.00,0.00,0.00,0.00,0.00,0.00,0.00,0.00,0.00,0.00,0.00,0.00,0.00,0.00,0.00,0.00
TWN.South,TWNZ3,COA_SC,Net Output,0.0,0.00,0.00,0.00,0.00,0.00,0.00,0.00,0.00,0.00,0.00,0.00,0.00,0.00,0.00,0.00,0.00,0.00,0.00,0.00,0.00,0.00,0.00,0.00,0.00,0.00,0.00,0.00,0.00,0.00,0.00,0.00,0.00
TWN.South,TWNZ3,COA_SC,AS T1,,0.00,0.00,0.00,0.00,0.00,0.00,0.00,0.00,0.00,0.00,0.00,0.00,0.00,0.00,0.00,0.00,0.00,0.00,0.00,0.00,0.00,0.00,0.00,0.00,0.00,0.00,0.00,0.00,0.00,0.00,0.00,0.00
TWN.South,TWNZ3,COA_SC,AS T2,,0.00,0.00,0.00,0.00,0.00,0.00,0.00,0.00,0.00,0.00,0.00,0.00,0.00,0.00,0.00,0.00,0.00,0.00,0.00,0.00,0.00,0.00,0.00,0.00,0.00,0.00,0.00,0.00,0.00,0.00,0.00,0.00
TWN.South,TWNZ3,COA_SC,AS T3,,0.00,0.00,0.00,0.00,0.00,0.00,0.00,0.00,0.00,0.00,0.00,0.00,0.00,0.00,0.00,0.00,0.00,0.00,0.00,0.00,0.00,0.00,0.00,0.00,0.00,0.00,0.00,0.00,0.00,0.00,0.00,0.00
TWN.South,TWNZ3,GAS_OCGT,Gross Output,1121.7,0.00,0.00,0.00,0.00,0.00,0.00,0.00,0.00,0.00,0.00,0.00,0.00,0.00,0.00,0.00,0.00,0.00,0.00,0.00,0.00,0.00,0.00,0.00,0.00,0.00,0.00,0.00,0.00,0.00,0.00,0.00,0.00
TWN.South,TWNZ3,GAS_OCGT,Net Output,1121.7,0.00,0.00,0.00,0.00,0.00,0.00,0.00,0.00,0.00,0.00,0.00,0.00,0.00,0.00,0.00,0.00,0.00,0.00,0.00,0.00,0.00,0.00,0.00,0.00,0.00,0.00,0.00,0.00,0.00,0.00,0.00,0.00
TWN.South,TWNZ3,GAS_OCGT,AS T1,,0.00,0.00,0.00,0.00,0.00,0.00,0.00,0.00,0.00,0.00,0.00,0.00,0.00,0.00,0.00,0.00,0.00,0.00,0.00,0.00,0.00,0.00,0.00,0.00,0.00,0.00,0.00,0.00,0.00,0.00,0.00,0.00
TWN.South,TWNZ3,GAS_OCGT,AS T2,,0.00,307.74,0.00,0.00,374.66,141.17,233.31,319.56,0.00,406.71,0.00,0.00,0.00,340.15,311.91,0.00,394.91,380.89,0.00,424.29,407.78,356.39,328.16,351.03,379.55,0.00,0.00,409.58,393.73,341.88,0.00,336.87
TWN.South,TWNZ3,GAS_OCGT,AS T3,,357.81,0.00,368.99,377.85,374.66,324.31,0.00,319.56,0.00,0.00,410.86,404.54,391.23,340.15,311.91,0.00,0.00,0.00,433.44,424.29,407.78,356.39,328.16,73.45,379.55,0.00,412.72,409.58,393.73,341.88,314.07,336.87
TWN.South,TWNZ3,GAS_CCGT,Gross Output,0.0,0.00,0.00,0.00,0.00,0.00,0.00,0.00,0.00,0.00,0.00,0.00,0.00,0.00,0.00,0.00,0.00,0.00,0.00,0.00,0.00,0.00,0.00,0.00,0.00,0.00,0.00,0.00,0.00,0.00,0.00,0.00,0.00
TWN.South,TWNZ3,GAS_CCGT,Net Output,0.0,0.00,0.00,0.00,0.00,0.00,0.00,0.00,0.00,0.00,0.00,0.00,0.00,0.00,0.00,0.00,0.00,0.00,0.00,0.00,0.00,0.00,0.00,0.00,0.00,0.00,0.00,0.00,0.00,0.00,0.00,0.00,0.00
TWN.South,TWNZ3,GAS_CCGT,AS T1,,0.00,0.00,0.00,0.00,0.00,0.00,0.00,0.00,0.00,0.00,0.00,0.00,0.00,0.00,0.00,0.00,0.00,0.00,0.00,0.00,0.00,0.00,0.00,0.00,0.00,0.00,0.00,0.00,0.00,0.00,0.00,0.00
TWN.South,TWNZ3,GAS_CCGT,AS T2,,0.00,0.00,0.00,0.00,0.00,0.00,0.00,0.00,0.00,0.00,0.00,0.00,0.00,0.00,0.00,0.00,0.00,0.00,0.00,0.00,0.00,0.00,0.00,0.00,0.00,0.00,0.00,0.00,0.00,0.00,0.00,0.00
TWN.South,TWNZ3,GAS_CCGT,AS T3,,0.00,0.00,0.00,0.00,0.00,0.00,0.00,0.00,0.00,0.00,0.00,0.00,0.00,0.00,0.00,0.00,0.00,0.00,0.00,0.00,0.00,0.00,0.00,0.00,0.00,0.00,0.00,0.00,0.00,0.00,0.00,0.00
TWN.South,TWNZ3,OIL_ST,Gross Output,0.0,0.00,0.00,0.00,0.00,0.00,0.00,0.00,0.00,0.00,0.00,0.00,0.00,0.00,0.00,0.00,0.00,0.00,0.00,0.00,0.00,0.00,0.00,0.00,0.00,0.00,0.00,0.00,0.00,0.00,0.00,0.00,0.00
TWN.South,TWNZ3,OIL_ST,Net Output,0.0,0.00,0.00,0.00,0.00,0.00,0.00,0.00,0.00,0.00,0.00,0.00,0.00,0.00,0.00,0.00,0.00,0.00,0.00,0.00,0.00,0.00,0.00,0.00,0.00,0.00,0.00,0.00,0.00,0.00,0.00,0.00,0.00
TWN.South,TWNZ3,OIL_ST,AS T1,,0.00,0.00,0.00,0.00,0.00,0.00,0.00,0.00,0.00,0.00,0.00,0.00,0.00,0.00,0.00,0.00,0.00,0.00,0.00,0.00,0.00,0.00,0.00,0.00,0.00,0.00,0.00,0.00,0.00,0.00,0.00,0.00
TWN.South,TWNZ3,OIL_ST,AS T2,,0.00,0.00,0.00,0.00,0.00,0.00,0.00,0.00,0.00,0.00,0.00,0.00,0.00,0.00,0.00,0.00,0.00,0.00,0.00,0.00,0.00,0.00,0.00,0.00,0.00,0.00,0.00,0.00,0.00,0.00,0.00,0.00
TWN.South,TWNZ3,OIL_ST,AS T3,,0.00,0.00,0.00,0.00,0.00,0.00,0.00,0.00,0.00,0.00,0.00,0.00,0.00,0.00,0.00,0.00,0.00,0.00,0.00,0.00,0.00,0.00,0.00,0.00,0.00,0.00,0.00,0.00,0.00,0.00,0.00,0.00
TWN.South,TWNZ3,NUK_LWR,Gross Output,0.0,0.00,0.00,0.00,0.00,0.00,0.00,0.00,0.00,0.00,0.00,0.00,0.00,0.00,0.00,0.00,0.00,0.00,0.00,0.00,0.00,0.00,0.00,0.00,0.00,0.00,0.00,0.00,0.00,0.00,0.00,0.00,0.00
TWN.South,TWNZ3,NUK_LWR,Net Output,0.0,0.00,0.00,0.00,0.00,0.00,0.00,0.00,0.00,0.00,0.00,0.00,0.00,0.00,0.00,0.00,0.00,0.00,0.00,0.00,0.00,0.00,0.00,0.00,0.00,0.00,0.00,0.00,0.00,0.00,0.00,0.00,0.00
TWN.South,TWNZ3,NUK_LWR,AS T1,,0,0,0,0,0,0,0,0,0,0,0,0,0,0,0,0,0,0,0,0,0,0,0,0,0,0,0,0,0,0,0,0
TWN.South,TWNZ3,NUK_LWR,AS T2,,0,0,0,0,0,0,0,0,0,0,0,0,0,0,0,0,0,0,0,0,0,0,0,0,0,0,0,0,0,0,0,0
TWN.South,TWNZ3,NUK_LWR,AS T3,,0.00,0.00,0.00,0.00,0.00,0.00,0.00,0.00,0.00,0.00,0.00,0.00,0.00,0.00,0.00,0.00,0.00,0.00,0.00,0.00,0.00,0.00,0.00,0.00,0.00,0.00,0.00,0.00,0.00,0.00,0.00,0.00
TWN.South,TWNZ3,BIO_ST,Gross Output,0.0,0.00,0.00,0.00,0.00,0.00,0.00,0.00,0.00,0.00,0.00,0.00,0.00,0.00,0.00,0.00,0.00,0.00,0.00,0.00,0.00,0.00,0.00,0.00,0.00,0.00,0.00,0.00,0.00,0.00,0.00,0.00,0.00
TWN.South,TWNZ3,BIO_ST,Net Output,0.0,0.00,0.00,0.00,0.00,0.00,0.00,0.00,0.00,0.00,0.00,0.00,0.00,0.00,0.00,0.00,0.00,0.00,0.00,0.00,0.00,0.00,0.00,0.00,0.00,0.00,0.00,0.00,0.00,0.00,0.00,0.00,0.00
TWN.South,TWNZ3,BIO_ST,AS T1,,0.00,0.00,0.00,0.00,0.00,0.00,0.00,0.00,0.00,0.00,0.00,0.00,0.00,0.00,0.00,0.00,0.00,0.00,0.00,0.00,0.00,0.00,0.00,0.00,0.00,0.00,0.00,0.00,0.00,0.00,0.00,0.00
TWN.South,TWNZ3,BIO_ST,AS T2,,0.00,0.00,0.00,0.00,0.00,0.00,0.00,0.00,0.00,0.00,0.00,0.00,0.00,0.00,0.00,0.00,0.00,0.00,0.00,0.00,0.00,0.00,0.00,0.00,0.00,0.00,0.00,0.00,0.00,0.00,0.00,0.00
TWN.South,TWNZ3,BIO_ST,AS T3,,0.00,0.00,0.00,0.00,0.00,0.00,0.00,0.00,0.00,0.00,0.00,0.00,0.00,0.00,0.00,0.00,0.00,0.00,0.00,0.00,0.00,0.00,0.00,0.00,0.00,0.00,0.00,0.00,0.00,0.00,0.00,0.00
TWN.South,TWNZ3,COA_USC,Gross Output,10118.2,4325.51,2029.53,5225.27,9106.35,9106.35,9106.35,8291.09,9106.35,3142.50,1525.34,4620.50,9054.65,9067.96,9106.35,7412.42,7519.81,4792.56,4438.73,9025.75,9042.07,9058.58,9102.80,8628.68,8707.08,3983.31,2256.43,5227.92,9049.61,9065.46,9106.35,7427.15,8267.09
TWN.South,TWNZ3,COA_USC,Net Output,10118.2,4022.72,1887.46,4859.50,8468.91,8468.91,8468.91,7710.71,8468.91,2922.53,1418.56,4297.07,8420.83,8433.20,8468.91,6893.55,6993.42,4457.08,4128.02,8393.95,8409.12,8424.48,8465.60,8024.68,8097.58,3704.47,2098.48,4861.96,8416.14,8430.88,8468.91,6907.25,7688.39
TWN.South,TWNZ3,COA_USC,AS T1,,121.69,0.00,0.00,0.00,0.00,0.00,0.00,0.00,121.69,121.69,121.69,51.70,38.40,0.00,0.00,121.69,121.69,121.69,80.60,64.29,47.77,3.55,38.96,121.69,121.69,55.76,121.69,56.74,40.89,0.00,121.69,0.00
TWN.South,TWNZ3,COA_USC,AS T2,,174.67,0.00,368.99,0.00,0.00,0.00,0.00,0.00,0.00,0.00,0.00,0.00,0.00,0.00,0.00,334.81,0.00,0.00,0.00,0.00,0.00,0.00,0.00,0.00,0.00,408.59,412.72,0.00,0.00,0.00,314.07,0.00
TWN.South,TWNZ3,COA_USC,AS T3,,0.00,0.00,0.00,0.00,0.00,0.00,0.00,0.00,377.63,0.00,0.00,0.00,0.00,0.00,0.00,0.00,394.91,0.00,0.00,0.00,0.00,0.00,0.00,277.58,0.00,0.00,0.00,0.00,0.00,0.00,0.00,0.00
TWN.Central,TWNZ0,New COA_USC,Gross Output,3891.6,3502.43,3502.43,3502.43,3502.43,3502.43,3502.43,3502.43,3502.43,3467.39,3449.89,3449.89,3502.43,3502.43,3494.04,3502.43,3497.91,3449.89,3449.89,3450.96,3482.36,3497.50,3502.43,3496.83,3479.99,3464.25,3449.89,3449.89,3497.21,3502.43,3491.83,3502.43,3495.45
TWN.Central,TWNZ0,New COA_USC,Net Output, ,3257.26,3257.26,3257.26,3257.26,3257.26,3257.26,3257.26,3257.26,3224.67,3208.40,3208.40,3257.26,3257.26,3249.45,3257.26,3253.06,3208.40,3208.40,3209.39,3238.60,3252.68,3257.26,3252.05,3236.39,3221.75,3208.40,3208.40,3252.40,3257.26,3247.40,3257.26,3250.77
TWN.Central,TWNZ0,New COA_USC,AS T1,,0.00,0.00,0.00,0.00,0.00,0.00,0.00,0.00,35.04,52.54,52.54,0.00,0.00,8.39,0.00,4.52,52.54,52.54,51.47,20.06,4.92,0.00,5.60,22.44,38.17,52.54,52.54,5.22,0.00,10.60,0.00,6.97
TWN.Central,TWNZ0,New COA_USC,AS T2,,0.00,0.00,0.00,0.00,0.00,0.00,0.00,0.00,0.00,0.00,0.00,0.00,0.00,0.00,0.00,0.00,0.00,0.00,0.00,0.00,0.00,0.00,0.00,0.00,0.00,0.00,0.00,0.00,0.00,0.00,0.00,0.00
TWN.Central,TWNZ0,New COA_USC,AS T3,,0.00,0.00,0.00,0.00,0.00,0.00,0.00,0.00,0.00,0.00,0.00,0.00,0.00,0.00,0.00,0.00,0.00,0.00,0.00,0.00,0.00,0.00,0.00,0.00,0.00,0.00,0.00,0.00,0.00,0.00,0.00,0.00
TWN.East,TWNZ1,New COA_USC,Gross Output,431.7,388.49,388.49,388.49,388.49,388.49,388.49,388.49,388.49,387.36,383.35,387.20,388.08,388.49,388.49,388.49,388.49,387.56,382.66,382.66,383.82,387.01,388.49,388.49,388.49,388.49,382.85,386.70,387.24,388.49,388.49,388.49,388.49
TWN.East,TWNZ1,New COA_USC,Net Output, ,361.29,361.29,361.29,361.29,361.29,361.29,361.29,361.29,360.25,356.51,360.09,360.92,361.29,361.29,361.29,361.29,360.43,355.87,355.87,356.96,359.92,361.29,361.29,361.29,361.29,356.05,359.63,360.13,361.29,361.29,361.29,361.29
TWN.East,TWNZ1,New COA_USC,AS T1,,0.00,0.00,0.00,0.00,0.00,0.00,0.00,0.00,1.12,5.14,1.29,0.40,0.00,0.00,0.00,0.00,0.93,5.83,5.83,4.66,1.47,0.00,0.00,0.00,0.00,5.63,1.78,1.25,0.00,0.00,0.00,0.00
TWN.East,TWNZ1,New COA_USC,AS T2,,0.00,0.00,0.00,0.00,0.00,0.00,0.00,0.00,0.00,0.00,0.00,0.00,0.00,0.00,0.00,0.00,0.00,0.00,0.00,0.00,0.00,0.00,0.00,0.00,0.00,0.00,0.00,0.00,0.00,0.00,0.00,0.00
TWN.East,TWNZ1,New COA_USC,AS T3,,0.00,0.00,0.00,0.00,0.00,0.00,0.00,0.00,0.00,0.00,0.00,0.00,0.00,0.00,0.00,0.00,0.00,0.00,0.00,0.00,0.00,0.00,0.00,0.00,0.00,0.00,0.00,0.00,0.00,0.00,0.00,0.00
TWN.East,TWNZ1,New GAS_OCGT,Gross Output,493.2,0.00,0.00,0.00,0.00,0.00,0.00,0.00,0.00,0.00,0.00,0.00,0.00,0.00,0.00,0.00,0.00,0.00,0.00,0.00,0.00,0.00,0.00,0.00,0.00,0.00,0.00,0.00,0.00,0.00,0.00,0.00,0.00
TWN.East,TWNZ1,New GAS_OCGT,Net Output, ,0.00,0.00,0.00,0.00,0.00,0.00,0.00,0.00,0.00,0.00,0.00,0.00,0.00,0.00,0.00,0.00,0.00,0.00,0.00,0.00,0.00,0.00,0.00,0.00,0.00,0.00,0.00,0.00,0.00,0.00,0.00,0.00
TWN.East,TWNZ1,New GAS_OCGT,AS T1,,0.00,0.00,0.00,0.00,0.00,0.00,0.00,0.00,0.00,0.00,0.00,0.00,0.00,0.00,0.00,0.00,0.00,0.00,0.00,0.00,0.00,0.00,0.00,0.00,0.00,0.00,0.00,0.00,0.00,0.00,0.00,0.00
TWN.East,TWNZ1,New GAS_OCGT,AS T2,,0.00,0.00,0.00,0.00,0.00,0.00,0.00,0.00,0.00,53.76,49.82,53.50,51.53,0.00,0.00,0.00,54.03,0.00,54.52,58.71,0.00,48.62,0.00,0.00,0.00,54.25,0.00,0.00,52.05,45.19,0.00,0.00
TWN.East,TWNZ1,New GAS_OCGT,AS T3,,0.00,47.32,0.00,48.20,0.00,0.00,37.52,40.50,0.00,0.00,54.39,53.50,51.53,0.00,0.00,44.03,54.03,59.52,0.00,0.00,0.00,0.00,0.00,47.88,45.41,54.25,0.00,0.00,0.00,45.19,41.53,44.53
TWN.North,TWNZ2,New COA_USC,Gross Output,5073.6,4566.21,4566.21,4566.21,4566.21,4566.21,4566.21,4566.21,4566.21,4566.21,4566.21,4566.21,4566.21,4566.21,4566.21,4566.21,4566.21,4566.21,4566.21,4566.21,4566.21,4566.21,4566.21,4566.21,4566.21,4566.21,4566.21,4566.21,4566.21,4566.21,4566.21,4566.21,4566.21
TWN.North,TWNZ2,New COA_USC,Net Output, ,4246.57,4246.57,4246.57,4246.57,4246.57,4246.57,4246.57,4246.57,4246.57,4246.57,4246.57,4246.57,4246.57,4246.57,4246.57,4246.57,4246.57,4246.57,4246.57,4246.57,4246.57,4246.57,4246.57,4246.57,4246.57,4246.57,4246.57,4246.57,4246.57,4246.57,4246.57,4246.57
TWN.North,TWNZ2,New COA_USC,AS T1,,0.00,0.00,0.00,0.00,0.00,0.00,0.00,0.00,0.00,0.00,0.00,0.00,0.00,0.00,0.00,0.00,0.00,0.00,0.00,0.00,0.00,0.00,0.00,0.00,0.00,0.00,0.00,0.00,0.00,0.00,0.00,0.00
TWN.North,TWNZ2,New COA_USC,AS T2,,0.00,0.00,0.00,0.00,0.00,0.00,0.00,0.00,0.00,0.00,0.00,0.00,0.00,0.00,0.00,0.00,0.00,0.00,0.00,0.00,0.00,0.00,0.00,0.00,0.00,0.00,0.00,0.00,0.00,0.00,0.00,0.00
TWN.North,TWNZ2,New COA_USC,AS T3,,0.00,0.00,0.00,0.00,0.00,0.00,0.00,0.00,0.00,0.00,0.00,0.00,0.00,0.00,0.00,0.00,0.00,0.00,0.00,0.00,0.00,0.00,0.00,0.00,0.00,0.00,0.00,0.00,0.00,0.00,0.00,0.00
TWN.North,TWNZ2,New GAS_OCGT,Gross Output,1059.8,0.00,0.00,0.00,0.00,0.00,0.00,0.00,0.00,0.00,0.00,0.00,0.00,0.00,0.00,0.00,0.00,0.00,0.00,0.00,0.00,0.00,0.00,0.00,0.00,0.00,0.00,0.00,0.00,0.00,0.00,0.00,0.00
TWN.North,TWNZ2,New GAS_OCGT,Net Output, ,0.00,0.00,0.00,0.00,0.00,0.00,0.00,0.00,0.00,0.00,0.00,0.00,0.00,0.00,0.00,0.00,0.00,0.00,0.00,0.00,0.00,0.00,0.00,0.00,0.00,0.00,0.00,0.00,0.00,0.00,0.00,0.00
TWN.North,TWNZ2,New GAS_OCGT,AS T1,,0.00,0.00,0.00,0.00,0.00,0.00,0.00,0.00,0.00,0.00,0.00,0.00,0.00,0.00,0.00,0.00,0.00,0.00,0.00,0.00,0.00,0.00,0.00,0.00,0.00,0.00,0.00,0.00,0.00,0.00,0.00,0.00
TWN.North,TWNZ2,New GAS_OCGT,AS T2,,0.00,597.33,0.00,0.00,0.00,0.00,332.89,0.00,0.00,0.00,0.00,0.00,0.00,0.00,0.00,0.00,0.00,0.00,0.00,693.53,0.00,0.00,0.00,0.00,0.00,0.00,0.00,325.59,0.00,0.00,0.00,0.00
TWN.North,TWNZ2,New GAS_OCGT,AS T3,,0.00,0.00,0.00,0.00,0.00,0.00,0.00,0.00,0.00,0.00,0.00,0.00,632.64,551.07,0.00,0.00,0.00,0.00,706.49,0.00,0.00,0.00,539.61,576.84,0.00,0.00,0.00,649.40,0.00,555.32,0.00,0.00
TWN.South,TWNZ3,New COA_USC,Gross Output,3454.8,3109.36,3109.36,3109.36,3109.36,3109.36,3109.36,3109.36,3109.36,3109.36,3109.36,3109.36,3109.36,3109.36,3109.36,3109.36,3109.36,3109.36,3109.36,3109.36,3109.36,3109.36,3109.36,3109.36,3109.36,3109.36,3109.36,3109.36,3109.36,3109.36,3109.36,3109.36,3109.36
TWN.South,TWNZ3,New COA_USC,Net Output, ,2891.70,2891.70,2891.70,2891.70,2891.70,2891.70,2891.70,2891.70,2891.70,2891.70,2891.70,2891.70,2891.70,2891.70,2891.70,2891.70,2891.70,2891.70,2891.70,2891.70,2891.70,2891.70,2891.70,2891.70,2891.70,2891.70,2891.70,2891.70,2891.70,2891.70,2891.70,2891.70
TWN.South,TWNZ3,New COA_USC,AS T1,,0.00,0.00,0.00,0.00,0.00,0.00,0.00,0.00,0.00,0.00,0.00,0.00,0.00,0.00,0.00,0.00,0.00,0.00,0.00,0.00,0.00,0.00,0.00,0.00,0.00,0.00,0.00,0.00,0.00,0.00,0.00,0.00
TWN.South,TWNZ3,New COA_USC,AS T2,,0.00,0.00,0.00,0.00,0.00,0.00,0.00,0.00,0.00,0.00,0.00,0.00,0.00,0.00,0.00,0.00,0.00,0.00,0.00,0.00,0.00,0.00,0.00,0.00,0.00,0.00,0.00,0.00,0.00,0.00,0.00,0.00
TWN.South,TWNZ3,New COA_USC,AS T3,,0.00,0.00,0.00,0.00,0.00,0.00,0.00,0.00,0.00,0.00,0.00,0.00,0.00,0.00,0.00,0.00,0.00,0.00,0.00,0.00,0.00,0.00,0.00,0.00,0.00,0.00,0.00,0.00,0.00,0.00,0.00,0.00
TWN.South,TWNZ3,New GAS_OCGT,Gross Output,960.9,0.00,0.00,0.00,0.00,0.00,0.00,0.00,0.00,0.00,0.00,0.00,0.00,0.00,0.00,0.00,0.00,0.00,0.00,0.00,0.00,0.00,0.00,0.00,0.00,0.00,0.00,0.00,0.00,0.00,0.00,0.00,0.00
TWN.South,TWNZ3,New GAS_OCGT,Net Output, ,0.00,0.00,0.00,0.00,0.00,0.00,0.00,0.00,0.00,0.00,0.00,0.00,0.00,0.00,0.00,0.00,0.00,0.00,0.00,0.00,0.00,0.00,0.00,0.00,0.00,0.00,0.00,0.00,0.00,0.00,0.00,0.00
TWN.South,TWNZ3,New GAS_OCGT,AS T1,,0.00,0.00,0.00,0.00,0.00,0.00,0.00,0.00,0.00,0.00,0.00,0.00,0.00,0.00,0.00,0.00,0.00,0.00,0.00,0.00,0.00,0.00,0.00,0.00,0.00,0.00,0.00,0.00,0.00,0.00,0.00,0.00
TWN.South,TWNZ3,New GAS_OCGT,AS T2,,0.00,0.00,0.00,377.85,0.00,0.00,0.00,0.00,377.63,0.00,410.86,404.54,391.23,0.00,0.00,0.00,0.00,0.00,433.44,0.00,0.00,0.00,0.00,0.00,0.00,0.00,0.00,0.00,0.00,0.00,0.00,0.00
TWN.South,TWNZ3,New GAS_OCGT,AS T3,,0.00,371.37,0.00,0.00,0.00,0.00,296.94,0.00,0.00,406.71,0.00,0.00,0.00,0.00,0.00,334.81,0.00,427.71,0.00,0.00,0.00,0.00,0.00,0.00,0.00,408.59,0.00,0.00,0.00,0.00,0.00,0.00
TWN.South,TWNZ3,New BIO_ST,Gross Output,412.1,0.00,0.00,0.00,0.00,0.00,0.00,0.00,0.00,0.00,0.00,0.00,0.00,0.00,0.00,0.00,0.00,0.00,0.00,0.00,0.00,0.00,0.00,0.00,0.00,0.00,0.00,0.00,0.00,0.00,0.00,0.00,0.00
TWN.South,TWNZ3,New BIO_ST,Net Output, ,0.00,0.00,0.00,0.00,0.00,0.00,0.00,0.00,0.00,0.00,0.00,0.00,0.00,0.00,0.00,0.00,0.00,0.00,0.00,0.00,0.00,0.00,0.00,0.00,0.00,0.00,0.00,0.00,0.00,0.00,0.00,0.00
TWN.South,TWNZ3,New BIO_ST,AS T1,,0.00,0.00,0.00,0.00,0.00,0.00,0.00,0.00,0.00,0.00,0.00,0.00,0.00,0.00,0.00,0.00,0.00,0.00,0.00,0.00,0.00,0.00,0.00,0.00,0.00,0.00,0.00,0.00,0.00,0.00,0.00,0.00
TWN.South,TWNZ3,New BIO_ST,AS T2,,0.00,0.00,0.00,0.00,0.00,0.00,0.00,0.00,0.00,0.00,0.00,0.00,0.00,0.00,0.00,0.00,0.00,0.00,0.00,0.00,0.00,0.00,0.00,0.00,0.00,0.00,0.00,0.00,0.00,0.00,0.00,0.00
TWN.South,TWNZ3,New BIO_ST,AS T3,,0.00,0.00,0.00,0.00,0.00,0.00,0.00,0.00,0.00,0.00,0.00,0.00,0.00,0.00,0.00,0.00,0.00,0.00,0.00,0.00,0.00,0.00,0.00,0.00,0.00,0.00,0.00,0.00,0.00,0.00,0.00,0.00
TWN.Central,TWNZ0,HYD_PS,Input,2600.0,-0.00,-0.00,-0.00,-0.00,-0.00,-0.00,-0.00,-0.00,-0.00,-0.00,-0.00,-0.00,-0.00,-0.00,-0.00,-0.00,-0.00,-0.00,-0.00,-0.00,-0.00,-0.00,-0.00,-0.00,-0.00,-0.00,-0.00,-0.00,-0.00,-0.00,-0.00,-0.00
TWN.Central,TWNZ0,HYD_PS,Output,2600.0,0.00,0.00,0.00,0.00,0.00,0.00,0.00,0.00,0.00,0.00,0.00,0.00,0.00,0.00,0.00,0.00,0.00,0.00,0.00,0.00,0.00,0.00,0.00,0.00,0.00,0.00,0.00,0.00,0.00,0.00,0.00,0.00
TWN.Central,TWNZ0,HYD_PS,AS T1,,113.57,122.93,118.30,127.89,125.69,88.49,68.35,82.40,210.60,210.60,210.60,210.60,210.60,210.60,210.60,210.60,210.60,210.60,210.60,210.60,210.60,210.60,210.60,210.60,210.60,210.60,210.60,210.60,210.60,210.60,210.60,210.60
TWN.Central,TWNZ0,HYD_PS,AS T2,,0.00,0.00,0.00,0.00,0.00,0.00,0.00,0.00,274.08,291.58,295.31,291.43,0.00,247.43,0.00,243.56,297.18,0.00,0.00,0.00,0.00,0.00,0.00,263.82,0.00,0.00,0.00,0.00,0.00,249.09,0.00,248.35
TWN.East,TWNZ1,BESS_ST1,Input,50.0,-0.00,-0.38,-16.47,-0.00,-0.00,-0.00,-0.00,-0.00,-0.00,-16.84,-0.00,-0.00,-0.00,-0.00,-0.00,-0.00,-16.84,-0.00,-0.00,-0.00,-0.00,-0.00,-0.00,-0.00,-0.00,-16.84,-0.00,-0.00,-0.00,-0.00,-0.00,-0.00
TWN.East,TWNZ1,BESS_ST1,Output,50.0,0.00,0.00,0.00,15.83,0.00,0.00,0.00,0.00,0.00,0.00,0.00,15.83,0.00,0.00,0.00,0.00,0.00,0.00,0.00,15.83,0.00,0.00,0.00,0.00,0.00,0.00,0.00,0.00,15.83,0.00,0.00,0.00
TWN.East,TWNZ1,BESS_ST1,AS T1,,0.00,0.00,0.00,0.00,0.00,0.00,0.00,0.00,23.75,23.75,23.75,23.75,23.75,23.75,23.75,23.75,23.75,23.75,23.75,23.75,23.75,23.75,23.75,23.75,23.75,23.75,23.75,23.75,23.75,22.03,23.75,23.75
TWN.East,TWNZ1,BESS_ST1,AS T2,,0.00,0.00,0.00,0.00,0.00,0.00,0.00,0.00,0.00,0.00,0.00,0.00,0.00,0.00,0.00,0.00,0.00,0.00,0.00,0.00,0.00,0.00,0.00,0.00,0.00,0.00,0.00,0.00,0.00,0.00,0.00,0.00
TWN.North,TWNZ2,BESS_ST1,Input,499.8,-0.00,-0.00,-0.00,-0.00,-0.00,-167.82,-0.00,-0.00,-0.00,-167.82,-0.00,-0.00,-0.00,-0.00,-0.00,-0.00,-0.00,-0.00,-0.00,-0.00,-0.00,-0.00,-0.00,-167.82,-0.00,-0.00,-0.00,-0.00,-0.00,-0.00,-167.82,-0.00
TWN.North,TWNZ2,BESS_ST1,Output,499.8,0.00,0.00,0.00,6.05,152.21,0.00,0.00,0.00,0.00,0.00,0.00,158.26,0.00,0.00,0.00,0.00,0.00,0.00,0.00,158.26,0.00,0.00,0.00,0.00,0.00,0.00,0.00,0.00,158.26,0.00,0.00,0.00
TWN.North,TWNZ2,BESS_ST1,AS T1,,237.39,237.39,237.39,237.39,237.39,0.00,0.00,237.39,0.00,237.39,237.39,237.39,237.39,237.39,237.39,237.39,237.39,237.39,237.39,237.39,237.39,237.39,237.39,237.39,237.39,237.39,237.39,237.39,237.39,237.39,237.39,237.39
TWN.North,TWNZ2,BESS_ST1,AS T2,,0.00,0.00,0.00,0.00,0.00,0.00,0.00,0.00,0.00,0.00,0.00,0.00,0.00,0.00,0.00,0.00,0.00,0.00,0.00,0.00,0.00,0.00,0.00,0.00,0.00,0.00,0.00,0.00,0.00,0.00,0.00,0.00
TWN.South,TWNZ3,BESS_ST1,Input,134.0,-0.00,-0.00,-45.01,-0.00,-0.00,-0.00,-0.00,-0.00,-0.00,-0.00,-45.01,-0.00,-0.00,-0.00,-0.00,-0.00,-0.00,-45.01,-0.00,-0.00,-0.00,-0.00,-0.00,-0.00,-0.00,-0.00,-0.00,-0.00,-0.00,-0.00,-45.01,-0.00
TWN.South,TWNZ3,BESS_ST1,Output,134.0,0.00,0.00,0.00,0.00,42.42,0.00,0.00,0.00,0.00,0.00,0.00,19.82,22.60,0.00,0.00,0.00,0.00,0.00,0.00,40.79,1.63,0.00,0.00,0.00,0.00,0.00,0.00,0.00,42.42,0.00,0.00,0.00
TWN.South,TWNZ3,BESS_ST1,AS T1,,63.63,0.00,0.00,0.00,63.63,63.63,0.00,0.00,63.63,63.63,63.63,63.63,63.63,63.63,63.63,63.63,63.63,63.63,63.63,63.63,63.63,63.63,0.00,63.63,63.63,63.63,63.63,63.63,63.63,52.67,63.63,47.66
TWN.South,TWNZ3,BESS_ST1,AS T2,,0.00,63.63,0.00,0.00,0.00,0.00,63.63,0.00,0.00,0.00,0.00,0.00,0.00,0.00,0.00,0.00,0.00,0.00,0.00,0.00,0.00,0.00,0.00,0.00,0.00,0.00,0.00,0.00,0.00,0.00,0.00,0.00
TWN.Central,TWNZ0,New BESS_ST1,Input,5.5,-0.00,-1.83,-0.00,-0.00,-0.00,-0.00,-0.00,-0.00,-0.00,-1.83,-0.00,-0.00,-0.00,-0.00,-0.00,-0.00,-1.83,-0.00,-0.00,-0.00,-0.00,-0.00,-0.00,-0.00,-1.83,-0.00,-0.00,-0.00,-0.00,-0.00,-0.00,-0.00
TWN.Central,TWNZ0,New BESS_ST1,Output, ,0.00,0.00,0.00,1.74,0.00,0.00,0.00,0.00,0.00,0.00,0.00,0.00,1.74,0.00,0.00,0.00,0.00,0.00,0.00,1.74,0.00,0.00,0.00,0.00,0.00,0.00,0.00,0.00,1.74,0.00,0.00,0.00
TWN.Central,TWNZ0,New BESS_ST1,AS T1,,0.00,0.00,2.61,0.00,0.00,0.00,0.00,2.61,2.61,2.61,2.61,2.61,2.61,2.61,2.61,2.61,2.61,2.61,2.61,2.61,2.61,2.61,2.61,2.61,2.61,2.61,2.61,2.61,2.61,2.61,2.61,2.61
TWN.Central,TWNZ0,New BESS_ST1,AS T2,,0.00,0.00,0.00,0.00,0.00,0.00,0.00,0.00,0.00,0.00,0.00,0.00,0.00,0.00,0.00,0.00,0.00,0.00,0.00,0.00,0.00,0.00,0.00,0.00,0.00,0.00,0.00,0.00,0.00,0.00,0.00,0.00
TWN.East,TWNZ1,New BESS_ST1,Input,48.8,-0.00,-0.00,-16.25,-0.00,-0.00,-0.00,-0.00,-0.00,-0.00,-16.25,-0.00,-0.00,-0.00,-0.00,-0.00,-0.00,-16.25,-0.00,-0.00,-0.00,-0.00,-0.00,-0.00,-0.00,-0.00,-16.25,-0.00,-0.00,-0.00,-0.00,-0.00,-0.00
TWN.East,TWNZ1,New BESS_ST1,Output, ,0.00,0.00,0.00,15.44,0.00,0.00,0.00,0.00,0.00,0.00,0.00,15.44,0.00,0.00,0.00,0.00,0.00,0.00,0.00,15.44,0.00,0.00,0.00,0.00,0.00,0.00,0.00,15.44,0.00,0.00,0.00,0.00
TWN.East,TWNZ1,New BESS_ST1,AS T1,,0.00,0.00,0.00,0.00,0.00,0.00,0.00,0.00,23.16,23.16,23.16,23.16,23.16,19.29,15.55,18.57,23.16,23.16,23.16,23.16,23.16,23.16,19.41,23.16,23.16,23.16,23.16,23.16,23.16,23.16,11.59,14.60
TWN.East,TWNZ1,New BESS_ST1,AS T2,,0.00,0.00,0.00,0.00,0.00,0.00,0.00,0.00,0.00,0.00,0.00,0.00,0.00,0.00,0.00,0.00,0.00,0.00,0.00,0.00,0.00,0.00,0.00,0.00,0.00,0.00,0.00,0.00,0.00,0.00,0.00,0.00
TWN.North,TWNZ2,New BESS_ST1,Input,838.0,-0.00,-0.00,-279.35,-0.00,-0.00,-0.00,-0.00,-0.00,-0.00,-279.35,-0.00,-0.00,-0.00,-0.00,-0.00,-0.00,-0.00,-225.01,-0.00,-0.00,-0.00,-0.00,-0.00,-54.34,-279.35,-0.00,-0.00,-0.00,-0.00,-0.00,-0.00,-0.00
TWN.North,TWNZ2,New BESS_ST1,Output, ,0.00,0.00,0.00,265.38,0.00,0.00,0.00,0.00,0.00,0.00,0.00,0.00,265.38,0.00,0.00,0.00,0.00,0.00,0.00,265.38,0.00,0.00,0.00,0.00,0.00,0.00,0.00,231.58,33.79,0.00,0.00,0.00
TWN.North,TWNZ2,New BESS_ST1,AS T1,,296.15,316.85,145.25,327.82,365.97,267.74,266.31,232.89,353.73,141.16,181.40,355.81,352.16,60.37,14.90,262.42,367.03,398.07,398.07,398.07,398.07,305.03,48.91,86.14,375.12,151.37,360.74,368.92,357.74,64.61,19.84,267.16
TWN.North,TWNZ2,New BESS_ST1,AS T2,,101.92,0.00,0.00,0.00,0.00,0.00,0.00,0.00,0.00,0.00,0.00,0.00,45.91,0.00,0.00,0.00,0.00,0.00,0.00,0.00,0.00,0.00,0.00,0.00,0.00,0.00,0.00,0.00,0.00,0.00,0.00,0.00
TWN.South,TWNZ3,New BESS_ST1,Input,608.9,-0.00,-0.00,-202.95,-0.00,-0.00,-0.00,-0.00,-0.00,-0.00,-0.00,-202.95,-0.00,-0.00,-0.00,-0.00,-0.00,-0.00,-202.95,-0.00,-0.00,-0.00,-0.00,-0.00,-0.00,-0.00,-0.00,-0.00,-0.00,-0.00,-0.00,-0.00,-202.95
TWN.South,TWNZ3,New BESS_ST1,Output, ,0.00,0.00,0.00,46.21,146.60,0.00,0.00,0.00,0.00,0.00,0.00,0.00,192.81,0.00,0.00,0.00,0.00,0.00,0.00,0.00,192.81,0.00,0.00,0.00,0.00,0.00,0.00,184.70,8.10,0.00,0.00,0.00
TWN.South,TWNZ3,New BESS_ST1,AS T1,,65.76,264.63,262.25,271.12,204.29,153.95,289.21,212.82,192.31,221.39,225.55,289.21,289.21,276.53,248.28,149.49,209.60,242.39,289.21,289.21,289.21,289.21,289.21,165.71,194.23,289.21,227.40,289.21,289.21,289.21,128.75,289.21
TWN.South,TWNZ3,New BESS_ST1,AS T2,,0.00,0.00,0.00,0.00,0.00,0.00,0.00,0.00,0.00,0.00,0.00,0.00,0.00,0.00,0.00,0.00,0.00,46.82,0.00,0.00,0.00,0.00,0.00,0.00,0.00,0.00,0.00,0.00,0.00,0.00,0.00,0.00
TWN.Central,TWNZ0,HYD_LG,Net output,1680.0,458.16,458.16,458.16,458.16,458.16,458.16,458.16,458.16,1596.00,1596.00,1596.00,1596.00,1596.00,1596.00,1596.00,1596.00,1596.00,1596.00,1596.00,1596.00,1596.00,1596.00,1596.00,1596.00,1596.00,1596.00,1596.00,1596.00,1596.00,1596.00,1596.00,1596.00
TWN.Central,TWNZ0,HYD_LG,AS T1,,143.64,143.64,143.64,143.64,143.64,143.64,143.64,143.64,0.00,0.00,0.00,0.00,0.00,0.00,0.00,0.00,0.00,0.00,0.00,0.00,0.00,0.00,0.00,0.00,0.00,0.00,0.00,0.00,0.00,0.00,0.00,0.00
TWN.Central,TWNZ0,HYD_LG,AS T2,,258.06,267.42,265.40,272.39,270.19,232.99,212.85,229.50,0.00,0.00,0.00,0.00,0.00,0.00,0.00,0.00,0.00,0.00,0.00,0.00,0.00,0.00,0.00,0.00,0.00,0.00,0.00,0.00,0.00,0.00,0.00,0.00
TWN.Central,TWNZ0,HYD_SM,Net output,10.0,2.59,2.59,2.59,2.59,2.59,2.59,2.59,2.59,3.36,3.36,3.36,3.36,3.36,3.36,3.36,3.36,5.42,5.42,5.42,5.42,5.42,5.42,5.42,5.42,3.94,3.94,3.94,3.94,3.94,3.94,3.94,3.94
TWN.Central,TWNZ0,HYD_SM,AS T1,,0.85,0.85,0.85,0.85,0.85,0.85,0.85,0.85,0.85,0.85,0.85,0.85,0.85,0.85,0.85,0.85,0.85,0.85,0.85,0.85,0.85,0.85,0.85,0.85,0.85,0.85,0.85,0.85,0.85,0.85,0.85,0.85
TWN.Central,TWNZ0,HYD_SM,AS T2,,0.00,0.00,0.00,0.00,0.00,0.00,0.00,0.00,2.34,2.34,0.00,2.34,0.00,2.34,2.34,2.34,0.00,0.00,3.22,3.22,0.00,3.22,0.00,0.00,2.89,0.00,2.89,2.89,0.00,2.89,0.00,0.00
TWN.East,TWNZ1,HYD_SM,Net output,20.0,5.08,5.08,5.08,5.08,5.08,5.08,5.08,5.08,6.61,6.61,6.61,6.61,6.61,6.61,6.61,6.61,11.03,11.03,11.03,11.03,11.03,11.03,11.03,11.03,7.94,7.94,7.94,7.94,7.94,7.94,7.94,7.94
TWN.East,TWNZ1,HYD_SM,AS T1,,0.00,0.00,0.00,0.00,0.00,0.00,0.00,0.00,1.71,1.71,1.71,1.71,1.71,1.71,1.71,1.71,1.71,1.71,1.71,1.71,1.71,1.71,1.71,0.97,1.71,1.71,1.71,1.71,1.71,0.00,1.71,1.71
TWN.East,TWNZ1,HYD_SM,AS T2,,0.00,0.00,0.00,0.00,0.00,0.00,0.00,0.00,4.57,0.00,4.57,0.00,0.00,0.00,0.00,4.57,0.00,0.00,6.26,0.00,0.00,0.00,6.26,0.00,0.00,0.00,0.00,5.83,0.00,0.00,5.83,0.00
TWN.East,TWNZ1,HYD_LG,Net output,715.6,191.15,191.15,191.15,191.15,191.15,191.15,191.15,191.15,679.84,679.84,679.84,679.84,679.84,679.84,679.84,679.84,679.84,679.84,678.94,679.84,679.84,679.84,679.84,679.84,679.84,679.84,679.84,679.84,679.84,679.84,679.84,679.84
TWN.East,TWNZ1,HYD_LG,AS T1,,45.61,47.32,46.98,48.20,47.79,41.13,37.52,40.50,0.00,0.00,0.00,0.00,0.00,0.00,0.00,0.00,0.00,0.00,0.90,0.00,0.00,0.00,0.00,0.00,0.00,0.00,0.00,0.00,0.00,0.00,0.00,0.00
TWN.East,TWNZ1,HYD_LG,AS T2,,45.61,47.32,46.98,48.20,47.79,41.13,37.52,40.50,0.00,0.00,0.00,0.00,0.00,0.00,0.00,0.00,0.00,0.00,0.00,0.00,0.00,0.00,0.00,0.00,0.00,0.00,0.00,0.00,0.00,0.00,0.00,0.00
TWN.North,TWNZ2,HYD_LG,Net output,504.0,151.20,151.20,151.20,151.20,209.66,151.20,151.20,151.20,151.20,151.20,151.20,267.83,378.73,151.20,151.20,151.20,151.20,151.20,435.71,435.71,456.89,183.00,151.20,151.20,151.20,151.20,151.20,435.71,295.02,151.20,151.20,151.20
TWN.North,TWNZ2,HYD_LG,AS T1,,43.09,43.09,0.00,43.09,0.00,43.09,0.00,43.09,43.09,43.09,0.00,43.09,43.09,43.09,43.09,43.09,43.09,43.09,43.09,43.09,21.91,43.09,43.09,43.09,0.00,43.09,43.09,43.09,43.09,43.09,43.09,43.09
TWN.North,TWNZ2,HYD_LG,AS T2,,0.00,0.00,0.00,100.55,0.00,0.00,143.64,0.00,100.55,0.00,0.00,0.00,0.00,0.00,0.00,100.55,0.00,0.00,0.00,0.00,0.00,0.00,0.00,0.00,143.64,0.00,0.00,0.00,0.00,100.55,0.00,0.00
TWN.South,TWNZ3,HYD_LG,Net output,1248.4,305.13,305.13,305.13,305.13,305.13,305.13,305.13,305.13,1185.96,1185.96,1185.96,1185.96,1185.96,1185.96,1185.96,1185.96,1185.96,1185.96,1185.96,1185.96,1185.96,1185.96,1185.96,1185.96,1185.96,1185.96,1185.96,1185.96,1185.96,1185.96,1185.96,1185.96
TWN.South,TWNZ3,HYD_LG,AS T1,,106.74,106.74,106.74,106.74,106.74,106.74,7.73,106.74,0.00,0.00,0.00,0.00,0.00,0.00,0.00,0.00,0.00,0.00,0.00,0.00,0.00,0.00,0.00,0.00,0.00,0.00,0.00,0.00,0.00,0.00,0.00,0.00
TWN.South,TWNZ3,HYD_LG,AS T2,,183.14,0.00,0.00,0.00,0.00,183.14,0.00,0.00,0.00,0.00,0.00,0.00,0.00,0.00,0.00,0.00,0.00,0.00,0.00,0.00,0.00,0.00,0.00,0.00,0.00,0.00,0.00,0.00,0.00,0.00,0.00,0.00
TWN.Central,TWNZ0,Exist Non-disp output,,0.0,2905.57,4422.44,2927.89,653.88,401.66,325.11,321.59,487.41,3153.04,4419.72,3042.22,646.27,189.89,159.43,166.88,613.39,2792.90,3684.89,2438.23,562.72,194.40,205.27,202.83,673.01,2853.23,4256.84,2854.32,617.05,350.57,300.15,295.03,556.74
TWN.East,TWNZ1,Exist Non-disp output,,0.0,1459.63,2195.36,1376.73,278.94,254.91,269.32,254.04,330.83,1895.70,2543.47,1712.56,362.02,143.24,148.40,144.81,419.18,1711.98,2207.62,1507.67,397.91,163.53,157.24,162.56,460.71,1694.40,2406.67,1549.60,306.77,213.59,218.87,211.73,357.15
TWN.North,TWNZ2,Exist Non-disp output,,0.0,1482.45,2124.02,1540.69,652.07,560.47,504.45,476.36,537.93,1598.61,2250.27,1573.76,446.97,233.71,202.91,200.30,416.64,1463.27,1934.64,1359.41,384.42,183.59,189.16,193.02,427.82,1593.51,2250.68,1635.34,605.35,471.60,431.59,423.56,542.81
TWN.South,TWNZ3,Exist Non-disp output,,0.0,4599.05,7135.58,4386.64,515.21,252.94,259.43,259.77,502.27,5480.80,7789.22,5462.74,941.34,160.86,167.10,164.36,939.08,4539.86,6175.49,4207.71,858.65,160.65,158.28,160.88,936.26,4764.37,7287.97,4715.10,611.66,209.11,214.57,216.16,657.13
TWN.OffRgn1,TWNZF0,Exist Non-disp output,,0.0,0.00,0.00,0.00,0.00,0.00,0.00,0.00,0.00,0.00,0.00,0.00,0.00,0.00,0.00,0.00,0.00,0.00,0.00,0.00,0.00,0.00,0.00,0.00,0.00,0.00,0.00,0.00,0.00,0.00,0.00,0.00,0.00
TWN.OffRgn2,TWNZF1,Exist Non-disp output,,0.0,0.00,0.00,0.00,0.00,0.00,0.00,0.00,0.00,0.00,0.00,0.00,0.00,0.00,0.00,0.00,0.00,0.00,0.00,0.00,0.00,0.00,0.00,0.00,0.00,0.00,0.00,0.00,0.00,0.00,0.00,0.00,0.00
TWN.OffRgn3,TWNZF2,Exist Non-disp output,,0.0,0.00,0.00,0.00,0.00,0.00,0.00,0.00,0.00,0.00,0.00,0.00,0.00,0.00,0.00,0.00,0.00,0.00,0.00,0.00,0.00,0.00,0.00,0.00,0.00,0.00,0.00,0.00,0.00,0.00,0.00,0.00,0.00
TWN.OffRgn4,TWNZF3,Exist Non-disp output,,0.0,0.00,0.00,0.00,0.00,0.00,0.00,0.00,0.00,0.00,0.00,0.00,0.00,0.00,0.00,0.00,0.00,0.00,0.00,0.00,0.00,0.00,0.00,0.00,0.00,0.00,0.00,0.00,0.00,0.00,0.00,0.00,0.00
TWN.Central,TWNZ0,New PV_FTPV_FT,Net output,178.1,58.62,98.75,58.22,3.29,0.00,0.00,0.00,2.85,66.61,100.36,64.55,8.49,0.00,0.00,0.00,8.77,56.17,80.61,51.61,8.54,0.00,0.00,0.00,9.52,58.76,96.74,60.23,4.88,0.00,0.00,0.00,5.25
TWN.East,TWNZ1,New PV_FTPV_FT,Net output,32.1,8.07,13.57,7.89,0.41,0.00,0.00,0.00,0.49,11.23,16.24,10.08,1.28,0.00,0.00,0.00,1.60,9.72,13.41,8.45,1.34,0.00,0.00,0.00,1.73,9.77,15.00,8.83,0.67,0.00,0.00,0.00,0.94
TWN.North,TWNZ2,New WND_ONWND_ON,Net output,122.3,57.62,61.27,74.59,78.23,71.20,62.53,59.12,60.43,25.32,32.13,37.43,36.60,30.52,26.02,25.57,25.76,26.66,31.12,33.26,26.76,25.24,26.33,26.22,25.06,52.96,56.58,63.27,64.21,57.61,51.79,51.27,51.98
TWN.North,TWNZ2,New PV_FTPV_FT,Net output,389.9,107.75,176.26,103.47,5.39,0.00,0.00,0.00,5.64,128.88,191.22,119.52,15.24,0.00,0.00,0.00,18.11,113.86,159.95,102.50,16.71,0.00,0.00,0.00,20.13,111.56,176.88,108.75,8.27,0.00,0.00,0.00,10.67
TWN.South,TWNZ3,New WND_ONWND_ON,Net output,52.0,29.81,29.04,28.85,29.56,30.27,30.31,29.78,29.56,12.91,12.50,12.21,12.45,12.71,12.80,12.84,13.06,11.40,11.82,11.34,11.10,11.31,11.34,11.48,11.08,22.37,22.24,21.68,21.83,22.33,22.55,22.77,22.62
TWN.South,TWNZ3,New PV_FTPV_FT,Net output,242.2,78.70,130.09,75.68,4.62,0.00,0.00,0.00,4.12,93.79,142.81,93.72,12.42,0.00,0.00,0.00,12.30,77.81,111.90,72.65,11.88,0.00,0.00,0.00,12.94,82.86,133.41,80.91,6.80,0.00,0.00,0.00,7.52
TWN.Central,TWNZ0,TWNZ3,Transmission,337.8/0.0,0.00,0.00,0.00,337.83,337.83,0.00,0.00,0.00,0.00,0.00,0.00,0.00,143.04,0.00,0.00,0.00,0.00,0.00,0.00,0.00,42.24,0.00,0.00,0.00,0.00,0.00,0.00,337.83,337.83,0.00,0.00,0.00
TWN.Central,TWNZ0,TWNZ2,Transmission,1561.3/0.0,0.00,1205.32,0.00,0.00,0.00,0.00,0.00,0.00,792.64,1561.32,0.00,0.00,0.00,0.00,0.00,0.00,0.00,0.00,173.79,1479.04,1322.08,0.00,0.00,0.00,269.99,1461.31,0.00,0.00,0.00,0.00,0.00,0.00
TWN.Central,TWNZ0,TWNZ1,Transmission,349.2/0.0,0.00,0.00,0.00,77.30,136.68,0.00,0.00,0.00,0.00,0.00,0.00,0.00,81.09,0.00,0.00,0.00,0.00,0.00,0.00,57.11,312.00,0.00,0.00,0.00,0.00,0.00,0.00,116.80,88.25,0.00,0.00,0.00
TWN.East,TWNZ1,TWNZ3,Transmission,117.4/0.0,0.00,0.00,0.00,0.00,17.06,0.00,0.00,0.00,0.00,117.42,0.00,0.00,0.00,0.00,0.00,0.00,0.00,0.00,0.00,0.00,0.00,0.00,0.00,0.00,0.00,0.00,0.00,0.00,0.00,0.00,0.00,0.00
TWN.East,TWNZ1,TWNZ0,Transmission,636.1/0.0,38.07,0.00,262.34,0.00,0.00,0.00,0.00,0.00,106.94,471.57,70.44,0.00,0.00,33.35,0.00,0.81,388.76,338.52,42.65,0.00,0.00,250.52,0.00,0.00,0.00,435.35,496.65,0.00,0.00,24.55,0.00,0.00
TWN.East,TWNZ1,TWNZ2,Transmission,1188.6/0.0,466.92,1188.59,81.08,0.00,0.00,0.00,0.00,0.00,1188.59,1188.59,894.15,0.00,0.00,0.00,0.00,0.00,558.59,954.74,1188.59,0.00,0.00,0.00,0.00,0.00,1082.04,1188.59,288.17,0.00,0.00,0.00,0.00,0.00
TWN.North,TWNZ2,TWNZ0,Transmission,845.3/0.0,0.00,0.00,0.00,845.32,845.32,845.32,0.00,162.73,0.00,0.00,0.00,0.00,0.00,57.15,0.00,0.00,0.00,0.00,0.00,0.00,0.00,845.32,0.00,0.00,0.00,0.00,0.00,0.00,0.00,0.00,0.00,0.00
TWN.North,TWNZ2,TWNZ1,Transmission,337.9/0.0,0.00,0.00,0.00,337.91,337.91,90.01,0.00,0.00,0.00,0.00,0.00,16.95,121.93,0.00,0.00,0.00,0.00,0.00,0.00,0.00,0.00,337.91,0.00,0.00,0.00,0.00,0.00,0.00,43.87,0.00,0.00,0.00
TWN.South,TWNZ3,TWNZ0,Transmission,1942.9/0.0,0.00,0.00,0.00,0.00,0.00,1017.08,1187.64,1415.94,0.00,0.00,0.00,0.00,0.00,1387.97,751.42,875.13,0.00,0.00,1942.93,0.00,0.00,833.19,1335.90,1434.46,0.00,0.00,0.00,0.00,0.00,1387.63,709.82,1021.48
TWN.South,TWNZ3,TWNZ1,Transmission,706.4/0.0,0.00,0.00,0.00,0.00,0.00,127.90,111.43,133.81,0.00,0.00,0.00,0.00,0.00,0.00,0.00,0.00,0.00,0.00,372.46,0.00,0.00,0.00,0.00,0.00,0.00,0.00,0.00,0.00,0.00,0.00,0.00,0.00
TWN.OffRgn1,TWNZF0,TWNZ2,Transmission,104.9/0.0,0.00,0.00,0.00,0.00,0.00,0.00,0.00,0.00,0.00,0.00,0.00,0.00,0.00,0.00,0.00,0.00,0.00,0.00,0.00,0.00,0.00,0.00,0.00,0.00,0.00,0.00,0.00,0.00,0.00,0.00,0.00,0.00
TWN.OffRgn2,TWNZF1,TWNZ0,Transmission,0.0/0.0,0.00,0.00,0.00,0.00,0.00,0.00,0.00,0.00,0.00,0.00,0.00,0.00,0.00,0.00,0.00,0.00,0.00,0.00,0.00,0.00,0.00,0.00,0.00,0.00,0.00,0.00,0.00,0.00,0.00,0.00,0.00,0.00
TWN.OffRgn3,TWNZF2,TWNZ1,Transmission,0.0/0.0,0.00,0.00,0.00,0.00,0.00,0.00,0.00,0.00,0.00,0.00,0.00,0.00,0.00,0.00,0.00,0.00,0.00,0.00,0.00,0.00,0.00,0.00,0.00,0.00,0.00,0.00,0.00,0.00,0.00,0.00,0.00,0.00
TWN.OffRgn4,TWNZF3,TWNZ3,Transmission,0.0/0.0,0.00,0.00,0.00,0.00,0.00,0.00,0.00,0.00,0.00,0.00,0.00,0.00,0.00,0.00,0.00,0.00,0.00,0.00,0.00,0.00,0.00,0.00,0.00,0.00,0.00,0.00,0.00,0.00,0.00,0.00,0.00,0.00
